0,qvina2_mean,qvina2_median,qvina2_max,qvina2_min,Active
6puw_ligand,-8.5,-8.2,-7.7,-9.8,1.0
active_10,-6.98,-6.9,-6.7,-8.2,1.0
active_11,-7.96,-8.0,-7.6,-8.7,1.0
active_12,-8.62,-8.65,-8.1,-9.4,1.0
active_13,-7.3,-7.25,-7.1,-7.7,1.0
active_14,-7.93,-7.9,-7.5,-8.7,1.0
active_15,-8.34,-8.3,-7.7,-9.5,1.0
active_16,-7.91,-7.8,-7.4,-8.6,1.0
active_17,-7.78,-7.7,-7.3,-9.1,1.0
active_18,-8.37,-8.3,-8.1,-8.7,1.0
active_19,-7.58,-7.55,-7.3,-7.9,1.0
active_2,-9.19,-8.95,-8.4,-10.4,1.0
active_20,-8.81,-8.8,-8.2,-10.1,1.0
active_21,-8.59,-8.5,-8.3,-9.2,1.0
active_22,-8.09,-7.7,-7.4,-9.3,1.0
active_23,-7.33,-7.3,-6.9,-8.0,1.0
active_24,-7.39,-7.3,-6.9,-7.9,1.0
active_25,-6.14,-6.1,-5.6,-6.7,1.0
active_26,-7.62,-7.5,-7.2,-8.2,1.0
active_27,-7.61,-7.4,-7.1,-8.8,1.0
active_28,-8.56,-8.5,-8.2,-9.0,1.0
active_29,-6.55,-6.4,-6.1,-7.9,1.0
active_3,-7.67,-7.5,-7.2,-8.4,1.0
active_30,-7.17,-7.1,-6.7,-7.7,1.0
active_31,-7.56,-7.4,-7.1,-8.6,1.0
active_4,-8.32,-8.15,-7.6,-9.4,1.0
active_5,-7.86,-7.8,-7.4,-8.7,1.0
active_6,-7.47,-7.45,-6.7,-8.2,1.0
active_7,-8.0,-7.9,-7.6,-8.9,1.0
active_8,-7.22,-7.1,-6.8,-7.8,1.0
active_9,-7.28,-7.25,-6.8,-8.0,1.0
dude_1,-7.85,-7.8,-7.6,-8.4,0.0
dude_10,-8.93,-8.85,-8.6,-9.6,0.0
dude_100,-6.91,-6.75,-6.6,-7.7,0.0
dude_1000,-7.19,-7.1,-6.8,-8.2,0.0
dude_1001,-6.55,-6.45,-6.2,-7.4,0.0
dude_1002,-7.18,-7.2,-6.9,-7.9,0.0
dude_1003,-6.18,-6.15,-5.7,-6.7,0.0
dude_1004,-6.89,-6.9,-6.5,-7.4,0.0
dude_1005,-7.36,-7.3,-6.8,-8.1,0.0
dude_1006,-6.19,-6.15,-5.8,-6.8,0.0
dude_1007,-6.93,-6.9,-6.7,-7.4,0.0
dude_1008,-6.27,-6.25,-6.0,-6.6,0.0
dude_1009,-6.62,-6.6,-6.3,-7.2,0.0
dude_101,-7.47,-7.4,-7.2,-8.0,0.0
dude_1010,-6.32,-6.25,-5.9,-6.7,0.0
dude_1011,-7.74,-7.8,-7.0,-8.9,0.0
dude_1012,-6.79,-6.75,-6.3,-7.3,0.0
dude_1013,-6.31,-6.2,-6.1,-7.1,0.0
dude_1014,-6.99,-6.9,-6.5,-7.7,0.0
dude_1015,-6.54,-6.6,-6.2,-7.2,0.0
dude_1016,-5.93,-5.8,-5.7,-6.5,0.0
dude_1017,-7.18,-7.2,-6.9,-7.6,0.0
dude_1018,-7.04,-6.9,-6.8,-7.6,0.0
dude_1019,-7.72,-7.7,-7.5,-8.1,0.0
dude_102,-7.3,-7.25,-7.0,-8.1,0.0
dude_1020,-6.93,-6.9,-6.6,-7.4,0.0
dude_1021,-7.91,-7.8,-7.5,-8.7,0.0
dude_1022,-7.23,-7.15,-7.0,-7.7,0.0
dude_1023,-6.84,-6.75,-6.4,-7.7,0.0
dude_1024,-6.39,-6.4,-6.1,-6.7,0.0
dude_1025,-7.09,-7.1,-6.8,-7.7,0.0
dude_1026,-6.56,-6.5,-6.4,-6.9,0.0
dude_1027,-7.11,-7.1,-6.6,-7.6,0.0
dude_1028,-7.36,-7.35,-7.0,-8.0,0.0
dude_1029,-7.01,-6.9,-6.6,-7.6,0.0
dude_103,-7.38,-7.3,-7.0,-8.0,0.0
dude_1030,-6.35,-6.2,-6.1,-7.1,0.0
dude_1031,-6.69,-6.7,-6.4,-7.1,0.0
dude_1032,-6.71,-6.7,-6.5,-7.1,0.0
dude_1033,-6.22,-6.15,-5.7,-7.0,0.0
dude_1034,-7.27,-7.25,-7.0,-7.7,0.0
dude_1035,-6.36,-6.35,-6.0,-6.7,0.0
dude_1036,-7.06,-7.05,-6.7,-7.4,0.0
dude_1037,-7.17,-7.05,-6.8,-7.8,0.0
dude_1038,-7.44,-7.4,-7.0,-8.2,0.0
dude_1039,-7.03,-7.0,-6.7,-7.9,0.0
dude_104,-7.89,-7.9,-7.7,-8.1,0.0
dude_1040,-6.24,-6.2,-6.0,-6.6,0.0
dude_1041,-7.13,-7.05,-6.7,-7.9,0.0
dude_1042,-7.59,-7.35,-7.1,-9.2,0.0
dude_1043,-7.51,-7.5,-7.2,-7.9,0.0
dude_1044,-7.97,-7.9,-7.6,-8.5,0.0
dude_1045,-6.89,-6.8,-6.6,-7.4,0.0
dude_1046,-6.19,-6.1,-6.0,-6.5,0.0
dude_1047,-6.91,-6.9,-6.5,-8.0,0.0
dude_1048,-7.89,-7.8,-7.7,-8.4,0.0
dude_1049,-6.87,-6.75,-6.4,-8.1,0.0
dude_105,-7.16,-7.2,-6.8,-7.6,0.0
dude_1050,-6.59,-6.5,-6.3,-7.1,0.0
dude_1051,-5.91,-5.8,-5.4,-6.6,0.0
dude_1052,-6.46,-6.45,-6.1,-7.2,0.0
dude_1053,-6.51,-6.5,-5.9,-7.2,0.0
dude_1054,-6.24,-6.2,-6.0,-6.8,0.0
dude_1055,-6.31,-6.3,-6.0,-6.7,0.0
dude_1056,-5.71,-5.7,-5.5,-6.0,0.0
dude_1057,-6.77,-6.85,-6.4,-7.5,0.0
dude_1058,-7.05,-7.0,-6.3,-8.4,0.0
dude_1059,-6.07,-6.0,-5.8,-6.4,0.0
dude_106,-6.38,-6.3,-5.9,-7.1,0.0
dude_1060,-6.55,-6.5,-6.2,-7.2,0.0
dude_1061,-6.01,-5.95,-5.7,-6.4,0.0
dude_1062,-6.73,-6.6,-6.5,-7.4,0.0
dude_1063,-6.81,-6.7,-6.5,-7.5,0.0
dude_1064,-6.17,-6.05,-5.8,-7.0,0.0
dude_1065,-6.47,-6.5,-6.2,-6.8,0.0
dude_1066,-6.2,-6.1,-5.7,-6.8,0.0
dude_1067,-5.79,-5.75,-5.5,-6.3,0.0
dude_1068,-5.94,-5.95,-5.7,-6.2,0.0
dude_1069,-5.79,-5.7,-5.5,-6.3,0.0
dude_107,-8.16,-8.1,-7.9,-8.6,0.0
dude_1070,-6.52,-6.4,-6.2,-7.3,0.0
dude_1071,-6.28,-6.25,-6.0,-6.8,0.0
dude_1072,-6.39,-6.3,-6.0,-7.2,0.0
dude_1073,-6.51,-6.5,-6.1,-7.1,0.0
dude_1074,-5.88,-5.8,-5.4,-6.7,0.0
dude_1075,-5.99,-5.9,-5.6,-7.1,0.0
dude_1076,-6.02,-5.95,-5.7,-6.6,0.0
dude_1077,-6.85,-6.8,-6.5,-7.7,0.0
dude_1078,-6.95,-6.95,-6.5,-7.4,0.0
dude_1079,-6.58,-6.6,-6.0,-7.2,0.0
dude_108,-6.84,-6.9,-6.6,-7.2,0.0
dude_1080,-6.33,-6.4,-5.9,-7.0,0.0
dude_1081,-6.12,-6.05,-5.7,-6.8,0.0
dude_1082,-6.81,-6.85,-6.4,-7.2,0.0
dude_1083,-6.45,-6.4,-6.2,-7.0,0.0
dude_1084,-6.1,-6.05,-5.7,-6.5,0.0
dude_1085,-6.76,-6.7,-6.6,-7.1,0.0
dude_1086,-6.47,-6.4,-6.1,-7.1,0.0
dude_1087,-6.53,-6.6,-6.1,-7.0,0.0
dude_1088,-6.85,-6.7,-6.4,-7.6,0.0
dude_1089,-5.76,-5.65,-5.4,-6.4,0.0
dude_109,-7.14,-7.1,-6.9,-7.7,0.0
dude_1090,-6.2,-6.1,-5.9,-6.9,0.0
dude_1091,-6.33,-6.3,-6.1,-6.8,0.0
dude_1092,-6.66,-6.6,-6.4,-7.2,0.0
dude_1093,-6.11,-5.9,-5.6,-6.8,0.0
dude_1094,-6.55,-6.5,-6.3,-7.0,0.0
dude_1095,-6.07,-6.05,-5.8,-6.5,0.0
dude_1096,-5.95,-5.85,-5.7,-6.3,0.0
dude_1097,-6.33,-6.2,-6.1,-6.9,0.0
dude_1098,-6.41,-6.4,-6.1,-6.8,0.0
dude_1099,-7.34,-7.3,-7.0,-7.8,0.0
dude_11,-7.39,-7.3,-7.1,-8.2,0.0
dude_110,-7.82,-7.7,-7.4,-8.2,0.0
dude_1100,-6.81,-6.8,-6.5,-7.2,0.0
dude_1101,-6.98,-6.85,-6.6,-8.0,0.0
dude_1102,-6.21,-6.2,-5.9,-6.7,0.0
dude_1103,-6.38,-6.3,-6.1,-7.0,0.0
dude_1104,-6.84,-6.7,-6.5,-7.9,0.0
dude_1105,-6.33,-6.3,-6.0,-6.9,0.0
dude_1106,-6.72,-6.6,-6.3,-8.1,0.0
dude_1107,-7.42,-7.3,-7.2,-7.9,0.0
dude_1108,-7.38,-7.3,-7.2,-7.9,0.0
dude_1109,-7.19,-7.1,-6.8,-7.9,0.0
dude_111,-7.8,-7.7,-7.5,-8.2,0.0
dude_1110,-6.35,-6.3,-6.0,-7.0,0.0
dude_1111,-6.64,-6.6,-6.3,-7.5,0.0
dude_1112,-6.07,-5.9,-5.7,-6.9,0.0
dude_1113,-6.83,-6.8,-6.5,-7.3,0.0
dude_1114,-6.83,-6.8,-6.5,-7.4,0.0
dude_1115,-7.21,-7.2,-7.0,-7.6,0.0
dude_1116,-7.41,-7.3,-7.1,-8.0,0.0
dude_1117,-6.79,-6.7,-6.4,-7.6,0.0
dude_1118,-6.86,-6.7,-6.5,-7.9,0.0
dude_1119,-6.34,-6.25,-5.9,-7.4,0.0
dude_112,-6.22,-6.0,-5.8,-7.3,0.0
dude_1120,-7.01,-7.0,-6.5,-7.9,0.0
dude_1121,-7.04,-7.0,-6.7,-7.5,0.0
dude_1122,-7.5,-7.5,-7.2,-7.9,0.0
dude_1123,-7.59,-7.55,-7.3,-8.3,0.0
dude_1124,-6.45,-6.5,-6.0,-7.0,0.0
dude_1125,-7.05,-6.95,-6.5,-8.0,0.0
dude_1126,-5.96,-5.9,-5.7,-6.7,0.0
dude_1127,-7.13,-7.05,-6.8,-7.6,0.0
dude_1128,-6.42,-6.35,-6.0,-7.4,0.0
dude_1129,-7.76,-7.7,-7.1,-8.6,0.0
dude_113,-7.22,-7.1,-6.8,-7.8,0.0
dude_1130,-6.46,-6.4,-6.0,-7.2,0.0
dude_1131,-6.34,-6.4,-6.0,-6.9,0.0
dude_1132,-7.01,-7.0,-6.6,-7.5,0.0
dude_1133,-6.35,-6.3,-6.0,-7.0,0.0
dude_1134,-7.27,-7.2,-6.7,-7.9,0.0
dude_1135,-6.63,-6.6,-6.3,-7.3,0.0
dude_1136,-7.05,-7.1,-6.7,-7.5,0.0
dude_1137,-7.04,-7.0,-6.6,-7.9,0.0
dude_1138,-7.09,-7.1,-6.7,-7.7,0.0
dude_1139,-6.36,-6.3,-6.2,-6.6,0.0
dude_114,-6.45,-6.4,-6.1,-7.2,0.0
dude_1140,-7.06,-7.0,-6.7,-8.0,0.0
dude_1141,-6.71,-6.6,-6.4,-7.5,0.0
dude_1142,-7.33,-7.2,-7.0,-7.8,0.0
dude_1143,-7.37,-7.25,-7.1,-8.0,0.0
dude_1144,-7.05,-6.95,-6.7,-7.6,0.0
dude_1145,-6.59,-6.5,-6.2,-7.1,0.0
dude_1146,-7.04,-7.0,-6.7,-7.5,0.0
dude_1147,-6.88,-6.9,-6.6,-7.2,0.0
dude_1148,-6.66,-6.6,-6.4,-7.2,0.0
dude_1149,-6.52,-6.5,-6.2,-7.0,0.0
dude_115,-8.06,-8.1,-7.6,-8.9,0.0
dude_1150,-7.41,-7.35,-7.0,-8.0,0.0
dude_1151,-6.66,-6.6,-6.3,-7.3,0.0
dude_1152,-6.29,-6.25,-5.8,-6.9,0.0
dude_1153,-6.1,-6.0,-5.7,-6.7,0.0
dude_1154,-6.59,-6.55,-6.3,-7.1,0.0
dude_1155,-6.2,-6.1,-5.9,-6.7,0.0
dude_1156,-6.84,-6.7,-6.3,-7.6,0.0
dude_1157,-5.46,-5.5,-5.2,-5.7,0.0
dude_1158,-6.26,-6.2,-5.9,-6.9,0.0
dude_1159,-6.31,-6.2,-6.1,-6.8,0.0
dude_116,-7.65,-7.6,-7.2,-8.6,0.0
dude_1160,-6.54,-6.5,-6.3,-6.9,0.0
dude_1161,-6.21,-6.15,-5.8,-6.7,0.0
dude_1162,-6.18,-6.2,-5.8,-6.8,0.0
dude_1163,-6.22,-6.2,-5.9,-6.7,0.0
dude_1164,-6.65,-6.6,-6.2,-7.7,0.0
dude_1165,-5.89,-5.9,-5.6,-6.2,0.0
dude_1166,-6.26,-6.2,-5.8,-6.8,0.0
dude_1167,-6.71,-6.7,-6.4,-7.0,0.0
dude_1168,-6.28,-6.2,-6.0,-6.9,0.0
dude_1169,-5.77,-5.7,-5.4,-6.3,0.0
dude_117,-7.47,-7.35,-7.1,-8.5,0.0
dude_1170,-6.51,-6.5,-5.9,-7.7,0.0
dude_1171,-6.35,-6.35,-6.0,-6.7,0.0
dude_1172,-5.86,-5.7,-5.5,-6.7,0.0
dude_1173,-5.74,-5.6,-5.4,-6.3,0.0
dude_1174,-6.32,-6.3,-5.9,-7.0,0.0
dude_1175,-6.77,-6.6,-6.4,-8.0,0.0
dude_1176,-6.48,-6.5,-6.0,-7.2,0.0
dude_1177,-7.16,-7.15,-6.9,-7.6,0.0
dude_1178,-5.87,-5.85,-5.5,-6.3,0.0
dude_1179,-6.81,-6.7,-6.4,-7.5,0.0
dude_118,-7.73,-7.75,-7.3,-8.2,0.0
dude_1180,-6.24,-6.25,-5.8,-6.7,0.0
dude_1181,-6.18,-6.1,-5.8,-6.8,0.0
dude_1182,-6.72,-6.7,-6.0,-7.7,0.0
dude_1183,-6.27,-6.2,-6.0,-7.0,0.0
dude_1184,-6.78,-6.8,-6.4,-7.7,0.0
dude_1185,-6.32,-6.3,-6.1,-6.8,0.0
dude_1186,-6.27,-6.35,-5.7,-6.8,0.0
dude_1187,-6.76,-6.75,-6.5,-7.1,0.0
dude_1188,-7.34,-7.3,-6.7,-8.2,0.0
dude_1189,-5.44,-5.4,-5.0,-5.8,0.0
dude_119,-6.96,-6.9,-6.2,-8.1,0.0
dude_1190,-6.29,-6.3,-6.0,-6.7,0.0
dude_1191,-6.7,-6.7,-6.4,-7.2,0.0
dude_1192,-7.04,-7.0,-6.6,-7.9,0.0
dude_1193,-7.96,-7.9,-7.7,-8.3,0.0
dude_1194,-6.0,-5.95,-5.6,-6.4,0.0
dude_1195,-5.43,-5.4,-5.2,-6.0,0.0
dude_1196,-6.48,-6.4,-6.1,-7.1,0.0
dude_1197,-6.72,-6.65,-6.5,-7.5,0.0
dude_1198,-6.37,-6.35,-6.2,-6.6,0.0
dude_1199,-6.54,-6.45,-6.1,-7.3,0.0
dude_12,-6.44,-6.4,-6.1,-6.9,0.0
dude_120,-7.51,-7.5,-7.2,-7.9,0.0
dude_1200,-6.11,-6.1,-5.8,-6.4,0.0
dude_1201,-6.22,-6.2,-5.8,-6.8,0.0
dude_1202,-6.16,-6.2,-5.7,-6.7,0.0
dude_1203,-6.01,-5.9,-5.7,-6.6,0.0
dude_1204,-6.41,-6.3,-6.1,-7.1,0.0
dude_1205,-6.76,-6.65,-6.4,-7.4,0.0
dude_1206,-6.99,-6.95,-6.5,-7.6,0.0
dude_1207,-5.88,-5.8,-5.6,-6.4,0.0
dude_1208,-6.49,-6.4,-6.1,-7.2,0.0
dude_1209,-7.5,-7.5,-7.0,-8.1,0.0
dude_121,-7.72,-7.65,-7.4,-8.3,0.0
dude_1210,-6.43,-6.4,-6.1,-7.1,0.0
dude_1211,-6.22,-6.2,-5.8,-6.9,0.0
dude_1212,-7.16,-7.1,-6.8,-7.7,0.0
dude_1213,-5.78,-5.7,-5.4,-6.7,0.0
dude_1214,-7.56,-7.3,-7.0,-8.8,0.0
dude_1215,-6.66,-6.7,-6.1,-7.4,0.0
dude_1216,-7.47,-7.4,-7.1,-8.4,0.0
dude_1217,-6.97,-6.9,-6.7,-7.3,0.0
dude_1218,-6.98,-6.9,-6.6,-7.6,0.0
dude_1219,-7.1,-7.0,-6.8,-7.8,0.0
dude_122,-7.81,-7.75,-7.5,-8.4,0.0
dude_1220,-6.92,-6.9,-6.5,-7.3,0.0
dude_1221,-6.48,-6.45,-6.2,-7.1,0.0
dude_1222,-6.83,-6.85,-6.4,-7.2,0.0
dude_1223,-6.79,-6.75,-6.5,-7.3,0.0
dude_1224,-7.01,-6.9,-6.5,-7.8,0.0
dude_1225,-6.38,-6.35,-6.2,-6.8,0.0
dude_1226,-7.16,-7.1,-6.8,-8.1,0.0
dude_1227,-7.13,-7.05,-6.8,-7.7,0.0
dude_1228,-6.96,-6.7,-6.5,-7.8,0.0
dude_1229,-6.45,-6.4,-6.2,-6.8,0.0
dude_123,-7.76,-7.8,-7.1,-8.5,0.0
dude_1230,-6.94,-6.9,-6.5,-7.6,0.0
dude_1231,-6.74,-6.7,-6.5,-7.1,0.0
dude_1232,-7.02,-6.95,-6.7,-7.6,0.0
dude_1233,-6.3,-6.3,-6.0,-6.8,0.0
dude_1234,-7.22,-7.15,-6.8,-7.8,0.0
dude_1235,-6.82,-6.7,-6.3,-7.8,0.0
dude_1236,-6.98,-6.9,-6.7,-7.5,0.0
dude_1237,-5.88,-5.9,-5.5,-6.3,0.0
dude_1238,-6.82,-6.7,-6.4,-7.3,0.0
dude_1239,-7.15,-7.0,-6.7,-8.1,0.0
dude_124,-6.71,-6.6,-6.5,-7.2,0.0
dude_1240,-6.92,-6.9,-6.7,-7.2,0.0
dude_1241,-6.28,-6.3,-5.9,-6.8,0.0
dude_1242,-6.61,-6.5,-6.3,-7.2,0.0
dude_1243,-7.48,-7.45,-7.2,-7.9,0.0
dude_1244,-6.32,-6.35,-5.8,-6.9,0.0
dude_1245,-6.71,-6.6,-6.4,-7.4,0.0
dude_1246,-7.52,-7.5,-7.2,-8.3,0.0
dude_1247,-6.39,-6.3,-5.9,-7.2,0.0
dude_1248,-7.05,-7.0,-6.7,-7.7,0.0
dude_1249,-6.69,-6.7,-6.3,-7.3,0.0
dude_125,-7.77,-7.4,-7.1,-8.7,0.0
dude_1250,-7.25,-7.1,-6.8,-8.0,0.0
dude_1251,-7.87,-7.75,-7.5,-8.7,0.0
dude_1252,-8.23,-8.2,-7.8,-9.0,0.0
dude_1253,-7.12,-7.0,-6.8,-8.0,0.0
dude_1254,-8.02,-8.0,-7.6,-8.5,0.0
dude_1255,-8.48,-8.3,-7.9,-9.9,0.0
dude_1256,-9.24,-9.2,-8.7,-10.3,0.0
dude_1257,-6.72,-6.55,-6.3,-7.4,0.0
dude_1258,-7.61,-7.4,-7.2,-8.8,0.0
dude_1259,-7.9,-7.9,-7.4,-8.6,0.0
dude_126,-6.89,-6.9,-6.7,-7.4,0.0
dude_1260,-8.3,-8.2,-8.0,-8.8,0.0
dude_1261,-7.97,-7.75,-7.4,-9.1,0.0
dude_1262,-7.91,-7.8,-7.7,-8.2,0.0
dude_1263,-8.55,-8.5,-8.2,-9.2,0.0
dude_1264,-8.55,-8.5,-8.1,-9.4,0.0
dude_1265,-7.81,-7.8,-7.4,-8.5,0.0
dude_1266,-8.02,-7.8,-7.6,-8.9,0.0
dude_1267,-7.25,-7.15,-6.9,-8.0,0.0
dude_1268,-8.13,-8.0,-7.7,-8.9,0.0
dude_1269,-7.99,-7.9,-7.6,-9.0,0.0
dude_127,-8.08,-8.0,-7.8,-8.8,0.0
dude_1270,-8.28,-8.25,-7.8,-8.9,0.0
dude_1271,-8.68,-8.65,-8.2,-9.4,0.0
dude_1272,-8.48,-8.4,-8.2,-9.0,0.0
dude_1273,-7.07,-6.95,-6.8,-7.8,0.0
dude_1274,-7.46,-7.45,-7.2,-7.9,0.0
dude_1275,-9.04,-9.05,-8.5,-9.6,0.0
dude_1276,-8.56,-8.5,-8.2,-9.3,0.0
dude_1277,-8.01,-8.0,-7.7,-8.9,0.0
dude_1278,-7.15,-7.05,-6.8,-7.8,0.0
dude_1279,-8.83,-8.8,-8.4,-9.4,0.0
dude_128,-8.25,-8.2,-7.8,-8.9,0.0
dude_1280,-8.32,-8.3,-8.1,-8.7,0.0
dude_1281,-7.92,-7.85,-7.7,-8.5,0.0
dude_1282,-7.33,-7.3,-6.9,-8.0,0.0
dude_1283,-8.49,-8.35,-8.1,-9.2,0.0
dude_1284,-7.39,-7.3,-7.1,-7.8,0.0
dude_1285,-7.84,-7.7,-7.5,-8.5,0.0
dude_1286,-7.78,-7.75,-7.5,-8.2,0.0
dude_1287,-6.91,-6.9,-6.6,-7.1,0.0
dude_1288,-8.98,-8.95,-8.5,-9.4,0.0
dude_1289,-8.26,-8.25,-7.8,-9.1,0.0
dude_129,-7.46,-7.4,-7.1,-8.2,0.0
dude_1290,-8.52,-8.5,-8.2,-8.9,0.0
dude_1291,-7.83,-7.8,-7.5,-8.4,0.0
dude_1292,-7.54,-7.5,-7.1,-8.3,0.0
dude_1293,-8.05,-8.0,-7.8,-8.6,0.0
dude_1294,-8.16,-8.2,-7.7,-9.0,0.0
dude_1295,-7.93,-7.95,-7.3,-8.6,0.0
dude_1296,-7.26,-7.0,-6.8,-8.7,0.0
dude_1297,-7.81,-7.75,-7.3,-8.5,0.0
dude_1298,-8.68,-8.65,-8.1,-9.2,0.0
dude_1299,-7.62,-7.55,-7.3,-8.1,0.0
dude_13,-7.73,-7.65,-7.3,-8.7,0.0
dude_130,-7.31,-7.3,-7.0,-7.7,0.0
dude_1300,-7.23,-7.25,-6.7,-8.0,0.0
dude_1301,-7.72,-7.7,-7.4,-8.2,0.0
dude_1302,-8.61,-8.6,-8.1,-9.3,0.0
dude_1303,-7.68,-7.6,-7.4,-8.2,0.0
dude_1304,-7.39,-7.3,-7.1,-7.8,0.0
dude_1305,-7.04,-7.0,-6.8,-7.7,0.0
dude_1306,-7.24,-7.2,-7.0,-7.8,0.0
dude_1307,-6.55,-6.5,-6.2,-7.3,0.0
dude_1308,-7.24,-7.3,-6.8,-7.7,0.0
dude_1309,-7.64,-7.6,-7.3,-8.5,0.0
dude_131,-6.85,-6.8,-6.6,-7.4,0.0
dude_1310,-6.98,-6.85,-6.7,-7.4,0.0
dude_1311,-7.39,-7.3,-7.2,-8.3,0.0
dude_1312,-8.82,-8.85,-8.4,-9.6,0.0
dude_1313,-7.12,-7.0,-6.7,-7.7,0.0
dude_1314,-7.33,-7.3,-7.1,-7.8,0.0
dude_1315,-7.14,-7.0,-6.7,-8.0,0.0
dude_1316,-7.03,-7.1,-6.6,-7.4,0.0
dude_1317,-8.81,-8.8,-8.6,-9.1,0.0
dude_1318,-8.52,-8.45,-8.2,-9.2,0.0
dude_1319,-7.74,-7.7,-7.1,-8.4,0.0
dude_132,-7.46,-7.4,-7.3,-8.0,0.0
dude_1320,-7.71,-7.7,-7.4,-8.3,0.0
dude_1321,-7.27,-7.2,-6.9,-7.9,0.0
dude_1322,-8.06,-8.0,-7.6,-9.0,0.0
dude_1323,-8.16,-8.1,-7.8,-8.8,0.0
dude_1324,-6.94,-6.85,-6.5,-7.6,0.0
dude_1325,-8.44,-8.45,-8.1,-8.9,0.0
dude_1326,-8.58,-8.5,-8.2,-9.4,0.0
dude_1327,-7.66,-7.6,-7.4,-8.0,0.0
dude_1328,-6.78,-6.7,-6.6,-7.2,0.0
dude_1329,-7.26,-7.2,-7.0,-7.8,0.0
dude_133,-7.54,-7.5,-7.2,-8.0,0.0
dude_1330,-7.29,-7.2,-6.9,-8.0,0.0
dude_1331,-7.15,-7.1,-6.9,-7.7,0.0
dude_1332,-7.08,-7.0,-6.7,-7.7,0.0
dude_1333,-8.31,-8.25,-7.9,-8.9,0.0
dude_1334,-7.25,-7.2,-6.7,-8.0,0.0
dude_1335,-7.24,-7.2,-7.0,-7.8,0.0
dude_1336,-7.97,-8.0,-7.7,-8.4,0.0
dude_1337,-8.19,-8.1,-7.6,-9.0,0.0
dude_1338,-7.38,-7.3,-7.2,-8.0,0.0
dude_1339,-7.44,-7.4,-7.2,-7.8,0.0
dude_134,-6.45,-6.4,-6.0,-7.1,0.0
dude_1340,-7.42,-7.35,-7.0,-8.1,0.0
dude_1341,-6.95,-6.85,-6.7,-7.5,0.0
dude_1342,-7.93,-7.95,-7.5,-8.8,0.0
dude_1343,-7.03,-7.0,-6.6,-7.4,0.0
dude_1344,-7.85,-7.7,-7.6,-8.5,0.0
dude_1345,-7.55,-7.5,-7.2,-8.2,0.0
dude_1346,-7.16,-7.1,-6.9,-7.7,0.0
dude_1347,-6.98,-7.0,-6.7,-7.6,0.0
dude_1348,-8.09,-8.05,-7.7,-8.7,0.0
dude_1349,-7.07,-7.0,-6.8,-7.5,0.0
dude_135,-7.66,-7.5,-7.3,-8.8,0.0
dude_1350,-7.05,-7.0,-6.6,-7.8,0.0
dude_1351,-7.36,-7.3,-7.1,-7.9,0.0
dude_1352,-6.99,-6.9,-6.7,-7.4,0.0
dude_1353,-6.92,-6.85,-6.3,-7.8,0.0
dude_1354,-7.08,-7.05,-6.7,-7.6,0.0
dude_1355,-6.74,-6.65,-6.5,-7.4,0.0
dude_1356,-7.38,-7.3,-6.9,-8.1,0.0
dude_1357,-7.19,-7.15,-6.9,-7.7,0.0
dude_1358,-7.54,-7.5,-7.2,-8.2,0.0
dude_1359,-7.58,-7.5,-7.3,-8.3,0.0
dude_136,-6.89,-6.8,-6.7,-7.6,0.0
dude_1360,-7.3,-7.2,-7.0,-8.1,0.0
dude_1361,-7.31,-7.3,-7.1,-7.7,0.0
dude_1362,-7.11,-7.0,-6.8,-7.6,0.0
dude_1363,-5.83,-5.7,-5.7,-6.2,0.0
dude_1364,-6.28,-6.2,-6.0,-6.9,0.0
dude_1365,-6.99,-6.95,-6.6,-7.7,0.0
dude_1366,-6.28,-6.25,-6.0,-6.7,0.0
dude_1367,-7.22,-7.1,-6.9,-7.7,0.0
dude_1368,-6.89,-6.75,-6.4,-7.8,0.0
dude_1369,-6.9,-6.85,-6.7,-7.3,0.0
dude_137,-6.87,-6.8,-6.7,-7.2,0.0
dude_1370,-7.34,-7.35,-6.9,-7.7,0.0
dude_1371,-6.82,-6.75,-6.5,-7.5,0.0
dude_1372,-6.02,-6.1,-5.6,-6.4,0.0
dude_1373,-6.75,-6.7,-6.5,-7.1,0.0
dude_1374,-6.94,-6.9,-6.8,-7.2,0.0
dude_1375,-7.16,-7.05,-6.9,-7.9,0.0
dude_1376,-7.19,-7.1,-7.0,-7.6,0.0
dude_1377,-6.34,-6.25,-6.0,-6.9,0.0
dude_1378,-7.17,-7.1,-6.9,-7.6,0.0
dude_1379,-6.79,-6.7,-6.4,-7.7,0.0
dude_138,-7.52,-7.45,-7.3,-8.1,0.0
dude_1380,-7.37,-7.35,-7.1,-7.9,0.0
dude_1381,-7.28,-7.25,-7.1,-7.7,0.0
dude_1382,-7.11,-7.0,-6.9,-7.7,0.0
dude_1383,-6.63,-6.75,-6.1,-7.3,0.0
dude_1384,-7.27,-7.2,-7.1,-7.7,0.0
dude_1385,-6.23,-6.15,-6.0,-6.5,0.0
dude_1386,-6.98,-7.0,-6.6,-7.4,0.0
dude_1387,-6.75,-6.7,-6.3,-7.8,0.0
dude_1388,-5.93,-5.9,-5.6,-6.7,0.0
dude_1389,-7.16,-7.1,-6.9,-7.7,0.0
dude_139,-7.46,-7.45,-7.0,-8.7,0.0
dude_1390,-7.24,-7.2,-6.9,-7.9,0.0
dude_1391,-6.78,-6.75,-6.5,-7.3,0.0
dude_1392,-6.52,-6.4,-6.2,-7.4,0.0
dude_1393,-7.01,-7.0,-6.7,-7.4,0.0
dude_1394,-6.22,-6.1,-5.9,-6.8,0.0
dude_1395,-7.01,-6.9,-6.7,-7.4,0.0
dude_1396,-6.66,-6.6,-6.5,-7.0,0.0
dude_1397,-6.83,-6.75,-6.6,-7.3,0.0
dude_1398,-6.63,-6.55,-6.3,-7.1,0.0
dude_1399,-7.06,-7.0,-6.7,-7.7,0.0
dude_14,-7.24,-7.2,-6.9,-7.9,0.0
dude_140,-7.89,-7.7,-7.4,-8.8,0.0
dude_1400,-6.79,-6.6,-6.4,-7.3,0.0
dude_1401,-7.73,-7.6,-7.4,-8.3,0.0
dude_1402,-7.04,-6.9,-6.8,-7.5,0.0
dude_1403,-7.43,-7.4,-7.1,-8.0,0.0
dude_1404,-7.71,-7.7,-7.4,-8.2,0.0
dude_1405,-8.04,-8.1,-7.6,-8.6,0.0
dude_1406,-8.35,-8.3,-7.9,-9.5,0.0
dude_1407,-7.21,-7.25,-6.8,-7.8,0.0
dude_1408,-7.28,-7.25,-7.1,-7.7,0.0
dude_1409,-8.87,-8.7,-8.6,-9.4,0.0
dude_141,-7.07,-7.0,-6.7,-7.7,0.0
dude_1410,-7.99,-8.0,-7.6,-8.5,0.0
dude_1411,-8.08,-7.95,-7.7,-9.7,0.0
dude_1412,-7.78,-7.65,-7.5,-8.3,0.0
dude_1413,-8.56,-8.45,-8.2,-9.2,0.0
dude_1414,-8.51,-8.45,-7.9,-9.2,0.0
dude_1415,-7.36,-7.25,-7.0,-8.0,0.0
dude_1416,-7.27,-7.2,-7.0,-8.0,0.0
dude_1417,-7.65,-7.7,-7.3,-8.3,0.0
dude_1418,-7.98,-7.9,-7.7,-8.5,0.0
dude_1419,-7.71,-7.65,-7.3,-8.3,0.0
dude_142,-7.24,-7.2,-6.9,-8.1,0.0
dude_1420,-8.24,-8.2,-7.9,-8.7,0.0
dude_1421,-7.23,-7.2,-6.9,-7.7,0.0
dude_1422,-8.39,-8.3,-8.1,-9.1,0.0
dude_1423,-8.52,-8.35,-8.1,-9.3,0.0
dude_1424,-7.19,-7.2,-6.9,-7.6,0.0
dude_1425,-8.41,-8.35,-8.2,-9.0,0.0
dude_1426,-8.63,-8.5,-8.2,-9.4,0.0
dude_1427,-8.37,-8.3,-7.9,-9.1,0.0
dude_1428,-8.63,-8.5,-8.4,-9.6,0.0
dude_1429,-7.79,-7.7,-7.5,-8.4,0.0
dude_143,-7.14,-7.05,-6.8,-7.9,0.0
dude_1430,-7.78,-7.8,-7.5,-8.2,0.0
dude_1431,-7.79,-7.7,-7.4,-8.7,0.0
dude_1432,-8.18,-8.05,-7.8,-9.0,0.0
dude_1433,-8.05,-8.0,-7.7,-8.7,0.0
dude_1434,-8.91,-8.9,-8.4,-9.7,0.0
dude_1435,-7.33,-7.3,-6.9,-8.1,0.0
dude_1436,-7.97,-8.0,-7.5,-8.7,0.0
dude_1437,-7.26,-7.2,-6.7,-8.6,0.0
dude_1438,-7.83,-7.8,-7.4,-8.4,0.0
dude_1439,-7.5,-7.5,-7.1,-7.9,0.0
dude_144,-7.55,-7.5,-7.1,-8.4,0.0
dude_1440,-7.49,-7.45,-7.1,-8.0,0.0
dude_1441,-7.81,-7.6,-7.3,-8.9,0.0
dude_1442,-7.55,-7.4,-7.2,-8.4,0.0
dude_1443,-6.69,-6.6,-6.5,-7.1,0.0
dude_1444,-6.89,-6.85,-6.6,-7.6,0.0
dude_1445,-6.91,-6.8,-6.4,-7.6,0.0
dude_1446,-7.24,-7.15,-6.8,-8.0,0.0
dude_1447,-7.19,-7.1,-6.9,-7.7,0.0
dude_1448,-7.48,-7.35,-7.1,-8.2,0.0
dude_1449,-7.97,-7.85,-7.7,-8.7,0.0
dude_145,-7.02,-7.0,-6.7,-7.5,0.0
dude_1450,-8.87,-8.85,-8.4,-9.5,0.0
dude_1451,-7.38,-7.35,-7.1,-7.7,0.0
dude_1452,-7.73,-7.7,-7.5,-8.1,0.0
dude_1453,-7.31,-7.3,-7.1,-7.9,0.0
dude_1454,-7.59,-7.6,-7.3,-8.2,0.0
dude_1455,-7.17,-7.05,-6.8,-7.8,0.0
dude_1456,-8.43,-8.4,-8.1,-8.9,0.0
dude_1457,-7.2,-7.15,-6.9,-7.8,0.0
dude_1458,-7.41,-7.35,-7.1,-7.9,0.0
dude_1459,-7.36,-7.35,-7.1,-7.7,0.0
dude_146,-6.5,-6.4,-6.2,-7.2,0.0
dude_1460,-8.29,-8.2,-8.0,-9.0,0.0
dude_1461,-7.58,-7.5,-7.3,-8.1,0.0
dude_1462,-9.01,-8.9,-8.8,-9.7,0.0
dude_1463,-5.65,-5.6,-5.4,-6.1,0.0
dude_1464,-6.99,-6.9,-6.7,-7.7,0.0
dude_1465,-7.84,-7.8,-7.5,-8.3,0.0
dude_1466,-8.67,-8.7,-8.4,-9.0,0.0
dude_1467,-5.96,-5.95,-5.7,-6.4,0.0
dude_1468,-7.83,-7.8,-7.6,-8.2,0.0
dude_1469,-8.86,-8.75,-8.6,-9.6,0.0
dude_147,-7.9,-7.8,-7.6,-8.8,0.0
dude_1470,-7.34,-7.3,-7.0,-7.9,0.0
dude_1471,-9.27,-9.25,-8.9,-9.8,0.0
dude_1472,-7.05,-6.95,-6.7,-7.7,0.0
dude_1473,-8.53,-8.45,-8.2,-9.1,0.0
dude_1474,-7.43,-7.35,-7.0,-8.7,0.0
dude_1475,-7.08,-7.0,-6.8,-7.7,0.0
dude_1476,-8.83,-8.7,-8.5,-9.4,0.0
dude_1477,-7.97,-7.8,-7.6,-8.7,0.0
dude_1478,-7.01,-6.9,-6.8,-7.4,0.0
dude_1479,-8.08,-7.95,-7.7,-8.9,0.0
dude_148,-7.83,-7.7,-7.6,-8.6,0.0
dude_1480,-8.51,-8.4,-8.3,-9.0,0.0
dude_1481,-8.95,-8.8,-8.6,-9.7,0.0
dude_1482,-8.33,-8.3,-8.1,-8.7,0.0
dude_1483,-8.48,-8.35,-8.1,-9.1,0.0
dude_1484,-7.57,-7.5,-7.3,-8.1,0.0
dude_1485,-6.9,-6.8,-6.7,-7.6,0.0
dude_1486,-8.03,-8.0,-7.7,-8.4,0.0
dude_1487,-7.92,-7.8,-7.7,-8.5,0.0
dude_1488,-7.92,-7.95,-7.6,-8.3,0.0
dude_1489,-7.72,-7.6,-7.5,-8.3,0.0
dude_149,-7.25,-7.2,-7.1,-7.6,0.0
dude_1490,-8.1,-8.1,-7.9,-8.5,0.0
dude_1491,-8.04,-7.9,-7.5,-8.8,0.0
dude_1492,-7.66,-7.55,-7.3,-8.2,0.0
dude_1493,-8.3,-8.25,-7.9,-8.6,0.0
dude_1494,-8.08,-8.0,-7.8,-8.5,0.0
dude_1495,-7.77,-7.75,-7.5,-8.1,0.0
dude_1496,-7.53,-7.55,-7.2,-8.0,0.0
dude_1497,-8.49,-8.4,-8.2,-9.0,0.0
dude_1498,-7.99,-7.9,-7.6,-8.7,0.0
dude_1499,-8.06,-7.95,-7.7,-8.7,0.0
dude_15,-7.77,-7.7,-7.4,-8.8,0.0
dude_150,-7.08,-7.0,-6.9,-7.4,0.0
dude_1500,-7.92,-7.7,-7.5,-9.0,0.0
dude_1501,-8.6,-8.55,-8.0,-9.3,0.0
dude_1502,-7.23,-7.2,-6.9,-7.7,0.0
dude_1503,-7.6,-7.6,-7.1,-8.4,0.0
dude_1504,-7.11,-7.0,-6.8,-7.6,0.0
dude_1505,-6.93,-6.95,-6.4,-7.7,0.0
dude_1506,-7.81,-7.75,-7.5,-8.4,0.0
dude_1507,-7.47,-7.45,-7.2,-8.1,0.0
dude_1508,-7.01,-6.9,-6.7,-7.5,0.0
dude_1509,-8.32,-8.2,-8.0,-9.5,0.0
dude_151,-6.39,-6.4,-6.1,-6.7,0.0
dude_1510,-7.32,-7.3,-7.0,-7.8,0.0
dude_1511,-7.87,-7.8,-7.5,-8.6,0.0
dude_1512,-8.66,-8.6,-8.3,-9.1,0.0
dude_1513,-6.93,-6.95,-6.8,-7.1,0.0
dude_1514,-8.33,-8.3,-8.0,-8.7,0.0
dude_1515,-7.26,-7.2,-7.1,-7.6,0.0
dude_1516,-7.92,-7.85,-7.6,-8.3,0.0
dude_1517,-7.31,-7.3,-6.7,-7.9,0.0
dude_1518,-7.05,-7.05,-6.7,-7.5,0.0
dude_1519,-7.43,-7.35,-7.0,-8.4,0.0
dude_152,-6.44,-6.4,-6.0,-7.1,0.0
dude_1520,-7.62,-7.6,-7.3,-8.0,0.0
dude_1521,-7.49,-7.4,-7.1,-8.3,0.0
dude_1522,-8.01,-8.0,-7.7,-8.5,0.0
dude_1523,-8.19,-8.1,-7.9,-8.9,0.0
dude_1524,-7.49,-7.5,-7.0,-7.9,0.0
dude_1525,-7.19,-7.15,-6.7,-7.9,0.0
dude_1526,-7.71,-7.7,-7.3,-8.5,0.0
dude_1527,-7.7,-7.7,-7.4,-8.2,0.0
dude_1528,-7.82,-7.75,-7.5,-8.6,0.0
dude_1529,-7.41,-7.35,-7.0,-7.8,0.0
dude_153,-6.89,-6.8,-6.5,-7.3,0.0
dude_1530,-8.37,-8.25,-7.8,-9.4,0.0
dude_1531,-7.56,-7.55,-7.2,-8.0,0.0
dude_1532,-6.67,-6.7,-6.4,-7.0,0.0
dude_1533,-7.17,-7.1,-6.8,-8.0,0.0
dude_1534,-7.26,-7.1,-6.9,-8.2,0.0
dude_1535,-7.59,-7.5,-7.2,-8.6,0.0
dude_1536,-6.91,-6.8,-6.6,-7.7,0.0
dude_1537,-8.74,-8.7,-8.5,-9.4,0.0
dude_1538,-8.58,-8.5,-8.1,-9.1,0.0
dude_1539,-6.14,-6.0,-5.7,-6.9,0.0
dude_154,-5.73,-5.65,-5.4,-6.5,0.0
dude_1540,-6.92,-6.75,-6.5,-7.7,0.0
dude_1541,-7.52,-7.5,-7.1,-8.0,0.0
dude_1542,-7.49,-7.45,-7.2,-7.8,0.0
dude_1543,-7.63,-7.5,-7.1,-8.7,0.0
dude_1544,-7.61,-7.6,-7.0,-9.2,0.0
dude_1545,-6.73,-6.7,-6.5,-7.3,0.0
dude_1546,-8.16,-8.1,-7.8,-9.2,0.0
dude_1547,-8.07,-8.0,-7.8,-8.8,0.0
dude_1548,-7.76,-7.6,-7.2,-8.8,0.0
dude_1549,-7.4,-7.35,-7.0,-8.0,0.0
dude_155,-6.97,-6.9,-6.7,-7.4,0.0
dude_1550,-7.11,-7.0,-6.6,-8.1,0.0
dude_156,-6.2,-6.2,-5.9,-6.5,0.0
dude_157,-6.42,-6.25,-6.1,-7.2,0.0
dude_158,-5.95,-5.9,-5.8,-6.3,0.0
dude_159,-6.26,-6.25,-5.8,-6.8,0.0
dude_16,-6.91,-6.7,-6.5,-7.7,0.0
dude_160,-6.33,-6.3,-6.1,-6.7,0.0
dude_161,-6.92,-6.9,-6.6,-7.7,0.0
dude_162,-6.72,-6.7,-6.4,-7.4,0.0
dude_163,-6.88,-6.85,-6.5,-7.3,0.0
dude_164,-6.6,-6.6,-6.2,-7.1,0.0
dude_165,-5.92,-5.9,-5.8,-6.3,0.0
dude_166,-6.28,-6.2,-5.9,-6.9,0.0
dude_167,-6.73,-6.75,-6.4,-7.2,0.0
dude_168,-7.12,-6.9,-6.3,-8.0,0.0
dude_169,-6.55,-6.5,-6.3,-7.4,0.0
dude_17,-7.96,-7.9,-7.8,-8.3,0.0
dude_170,-6.38,-6.2,-6.1,-7.5,0.0
dude_171,-6.7,-6.65,-6.3,-7.6,0.0
dude_172,-5.98,-6.0,-5.7,-6.5,0.0
dude_173,-7.05,-7.0,-6.6,-7.6,0.0
dude_174,-6.73,-6.65,-6.4,-7.1,0.0
dude_175,-6.17,-6.2,-5.8,-6.6,0.0
dude_176,-5.77,-5.8,-5.5,-6.1,0.0
dude_177,-6.15,-6.15,-5.9,-6.5,0.0
dude_178,-6.83,-6.75,-6.5,-7.5,0.0
dude_179,-7.33,-7.2,-6.9,-8.0,0.0
dude_18,-6.99,-6.9,-6.7,-7.5,0.0
dude_180,-7.19,-7.0,-6.7,-8.0,0.0
dude_181,-6.71,-6.55,-6.3,-7.3,0.0
dude_182,-7.31,-7.25,-6.8,-8.0,0.0
dude_183,-6.78,-6.7,-6.5,-7.3,0.0
dude_184,-6.95,-6.9,-6.7,-7.6,0.0
dude_185,-7.13,-7.05,-6.8,-7.7,0.0
dude_186,-7.34,-7.3,-6.9,-7.9,0.0
dude_187,-5.76,-5.7,-5.4,-6.5,0.0
dude_188,-6.69,-6.5,-6.4,-7.6,0.0
dude_189,-6.44,-6.4,-6.1,-6.9,0.0
dude_19,-6.32,-6.3,-5.8,-7.1,0.0
dude_190,-6.58,-6.55,-6.3,-6.9,0.0
dude_191,-6.53,-6.45,-6.2,-7.2,0.0
dude_192,-7.04,-7.0,-6.7,-7.7,0.0
dude_193,-6.46,-6.45,-6.2,-6.8,0.0
dude_194,-6.63,-6.6,-6.3,-7.2,0.0
dude_195,-6.78,-6.75,-6.5,-7.0,0.0
dude_196,-6.14,-6.1,-5.9,-6.6,0.0
dude_197,-6.61,-6.55,-6.4,-7.1,0.0
dude_198,-6.48,-6.4,-6.1,-7.2,0.0
dude_199,-6.22,-6.2,-5.9,-6.8,0.0
dude_2,-7.88,-7.85,-7.6,-8.4,0.0
dude_20,-7.99,-7.9,-7.6,-8.6,0.0
dude_200,-6.84,-6.7,-6.4,-7.8,0.0
dude_201,-6.76,-6.65,-6.4,-7.5,0.0
dude_202,-6.45,-6.3,-6.0,-7.5,0.0
dude_203,-7.08,-7.05,-6.7,-7.6,0.0
dude_204,-6.81,-6.75,-6.3,-7.6,0.0
dude_205,-6.55,-6.5,-6.2,-7.4,0.0
dude_206,-7.3,-7.2,-7.0,-8.0,0.0
dude_207,-6.69,-6.7,-6.4,-7.0,0.0
dude_208,-7.37,-7.3,-7.0,-8.1,0.0
dude_209,-7.01,-7.0,-6.7,-7.5,0.0
dude_21,-7.02,-6.9,-6.6,-7.7,0.0
dude_210,-7.21,-7.1,-6.7,-8.2,0.0
dude_211,-6.78,-6.7,-6.5,-7.3,0.0
dude_212,-6.63,-6.6,-6.3,-7.2,0.0
dude_213,-6.61,-6.5,-6.3,-7.1,0.0
dude_214,-7.36,-7.3,-7.1,-7.7,0.0
dude_215,-7.64,-7.5,-7.3,-8.7,0.0
dude_216,-6.48,-6.4,-6.2,-7.2,0.0
dude_217,-6.46,-6.4,-6.0,-7.1,0.0
dude_218,-7.32,-7.2,-7.1,-8.0,0.0
dude_219,-7.15,-7.1,-6.9,-7.6,0.0
dude_22,-6.04,-6.0,-5.6,-6.6,0.0
dude_220,-7.19,-7.2,-6.8,-7.8,0.0
dude_221,-6.8,-6.85,-6.5,-7.3,0.0
dude_222,-7.22,-7.15,-6.8,-7.7,0.0
dude_223,-6.36,-6.3,-6.1,-6.8,0.0
dude_224,-7.64,-7.6,-7.4,-8.0,0.0
dude_225,-7.53,-7.5,-7.2,-8.5,0.0
dude_226,-6.14,-6.15,-5.8,-6.5,0.0
dude_227,-7.35,-7.3,-7.0,-8.1,0.0
dude_228,-6.91,-6.85,-6.7,-7.7,0.0
dude_229,-8.28,-8.2,-7.8,-9.1,0.0
dude_23,-7.12,-7.0,-6.8,-8.0,0.0
dude_230,-7.63,-7.55,-7.0,-8.4,0.0
dude_231,-7.18,-7.1,-6.9,-7.6,0.0
dude_232,-7.48,-7.3,-6.9,-8.6,0.0
dude_233,-6.86,-6.85,-6.6,-7.2,0.0
dude_234,-6.91,-6.8,-6.6,-7.6,0.0
dude_235,-6.64,-6.6,-6.3,-7.2,0.0
dude_236,-8.14,-8.1,-7.7,-9.0,0.0
dude_237,-6.62,-6.65,-6.4,-7.0,0.0
dude_238,-6.37,-6.4,-6.0,-6.8,0.0
dude_239,-6.64,-6.6,-6.3,-7.3,0.0
dude_24,-8.43,-8.4,-8.2,-9.1,0.0
dude_240,-7.54,-7.45,-7.1,-8.3,0.0
dude_241,-6.59,-6.5,-6.3,-7.2,0.0
dude_242,-7.74,-7.8,-7.1,-8.5,0.0
dude_243,-6.52,-6.5,-6.2,-6.8,0.0
dude_244,-7.64,-7.5,-7.1,-8.8,0.0
dude_245,-6.7,-6.6,-6.2,-7.4,0.0
dude_246,-6.31,-6.2,-6.1,-7.1,0.0
dude_247,-6.31,-6.25,-6.0,-6.9,0.0
dude_248,-7.27,-7.1,-6.9,-7.9,0.0
dude_249,-7.75,-7.7,-7.4,-8.4,0.0
dude_25,-7.47,-7.5,-7.1,-7.9,0.0
dude_250,-7.64,-7.45,-7.1,-8.9,0.0
dude_251,-7.67,-7.8,-7.2,-8.0,0.0
dude_252,-6.72,-6.65,-6.4,-7.3,0.0
dude_253,-7.29,-7.2,-7.0,-7.7,0.0
dude_254,-7.31,-7.3,-6.9,-7.7,0.0
dude_255,-7.96,-7.85,-7.5,-8.8,0.0
dude_256,-7.75,-7.7,-7.5,-8.8,0.0
dude_257,-7.05,-7.0,-6.5,-7.8,0.0
dude_258,-7.06,-6.9,-6.7,-8.0,0.0
dude_259,-8.1,-7.95,-7.5,-9.2,0.0
dude_26,-6.49,-6.35,-6.0,-7.5,0.0
dude_260,-6.51,-6.4,-6.0,-7.3,0.0
dude_261,-8.06,-8.0,-7.8,-8.6,0.0
dude_262,-7.27,-7.15,-6.9,-7.9,0.0
dude_263,-6.53,-6.5,-6.3,-7.0,0.0
dude_264,-7.32,-7.3,-7.0,-8.4,0.0
dude_265,-7.91,-7.8,-7.6,-8.6,0.0
dude_266,-7.3,-7.3,-6.9,-8.0,0.0
dude_267,-7.14,-6.8,-6.6,-8.2,0.0
dude_268,-7.02,-6.9,-6.7,-7.6,0.0
dude_269,-6.44,-6.45,-6.0,-6.8,0.0
dude_27,-6.98,-7.0,-6.4,-7.8,0.0
dude_270,-8.57,-8.5,-8.2,-9.3,0.0
dude_271,-7.96,-7.8,-7.4,-8.9,0.0
dude_272,-7.08,-7.1,-6.8,-7.4,0.0
dude_273,-7.0,-6.9,-6.7,-7.5,0.0
dude_274,-7.48,-7.4,-7.2,-7.9,0.0
dude_275,-7.03,-7.0,-6.4,-7.7,0.0
dude_276,-7.55,-7.35,-7.2,-8.6,0.0
dude_277,-7.1,-7.0,-6.8,-7.8,0.0
dude_278,-6.42,-6.4,-6.2,-6.8,0.0
dude_279,-6.76,-6.7,-6.6,-7.2,0.0
dude_28,-7.02,-6.95,-6.6,-7.7,0.0
dude_280,-7.42,-7.3,-7.2,-7.9,0.0
dude_281,-7.75,-7.7,-7.5,-8.4,0.0
dude_282,-7.36,-7.2,-7.0,-8.1,0.0
dude_283,-7.81,-7.8,-7.4,-8.6,0.0
dude_284,-6.74,-6.6,-6.4,-7.5,0.0
dude_285,-8.27,-8.2,-7.7,-8.9,0.0
dude_286,-8.11,-8.1,-7.7,-8.5,0.0
dude_287,-6.61,-6.5,-6.4,-7.2,0.0
dude_288,-6.89,-6.8,-6.7,-7.2,0.0
dude_289,-8.2,-8.2,-7.8,-8.9,0.0
dude_29,-7.72,-7.7,-7.5,-8.1,0.0
dude_290,-6.28,-6.25,-5.9,-6.7,0.0
dude_291,-7.27,-7.2,-7.1,-7.5,0.0
dude_292,-8.42,-8.35,-8.2,-9.1,0.0
dude_293,-7.16,-7.1,-6.9,-7.6,0.0
dude_294,-7.93,-8.0,-7.5,-8.4,0.0
dude_295,-7.79,-7.8,-7.4,-8.6,0.0
dude_296,-6.57,-6.55,-6.3,-7.0,0.0
dude_297,-7.78,-7.7,-7.4,-8.6,0.0
dude_298,-7.11,-7.0,-6.7,-7.9,0.0
dude_299,-7.99,-7.9,-7.4,-9.0,0.0
dude_3,-6.67,-6.6,-6.3,-7.4,0.0
dude_30,-6.46,-6.4,-6.1,-7.0,0.0
dude_300,-7.82,-7.7,-7.4,-8.3,0.0
dude_301,-6.62,-6.6,-6.4,-7.1,0.0
dude_302,-6.82,-6.75,-6.4,-7.7,0.0
dude_303,-6.18,-6.2,-5.9,-6.7,0.0
dude_304,-6.98,-7.0,-6.6,-7.3,0.0
dude_305,-7.69,-7.65,-7.3,-8.4,0.0
dude_306,-7.61,-7.55,-7.2,-8.4,0.0
dude_307,-7.32,-7.3,-7.0,-8.0,0.0
dude_308,-7.56,-7.5,-7.3,-8.2,0.0
dude_309,-6.83,-6.7,-6.5,-7.9,0.0
dude_31,-7.49,-7.4,-7.2,-8.2,0.0
dude_310,-8.44,-8.4,-8.1,-8.8,0.0
dude_311,-7.04,-7.0,-6.7,-7.6,0.0
dude_312,-6.51,-6.45,-6.2,-7.3,0.0
dude_313,-7.28,-7.25,-6.7,-8.4,0.0
dude_314,-7.52,-7.5,-7.3,-8.1,0.0
dude_315,-7.34,-7.1,-6.9,-8.2,0.0
dude_316,-6.51,-6.45,-5.9,-7.1,0.0
dude_317,-6.66,-6.6,-6.2,-7.0,0.0
dude_318,-7.49,-7.45,-7.1,-7.9,0.0
dude_319,-7.35,-7.3,-6.9,-8.2,0.0
dude_32,-7.6,-7.5,-7.3,-8.5,0.0
dude_320,-6.85,-6.8,-6.4,-7.6,0.0
dude_321,-8.0,-7.95,-7.7,-8.3,0.0
dude_322,-7.9,-7.8,-7.4,-8.4,0.0
dude_323,-8.16,-8.1,-7.8,-8.9,0.0
dude_324,-7.04,-6.95,-6.7,-7.6,0.0
dude_325,-7.8,-7.8,-7.4,-8.3,0.0
dude_326,-7.58,-7.5,-7.3,-8.2,0.0
dude_327,-7.57,-7.35,-7.0,-8.8,0.0
dude_328,-7.6,-7.6,-7.2,-8.2,0.0
dude_329,-7.57,-7.7,-7.2,-7.9,0.0
dude_33,-7.79,-7.7,-7.4,-8.8,0.0
dude_330,-7.16,-7.1,-6.8,-7.8,0.0
dude_331,-6.14,-6.0,-5.7,-6.9,0.0
dude_332,-6.92,-6.9,-6.5,-7.7,0.0
dude_333,-7.04,-7.0,-6.6,-7.5,0.0
dude_334,-7.18,-7.1,-6.8,-7.8,0.0
dude_335,-5.92,-5.8,-5.5,-6.4,0.0
dude_336,-6.25,-6.25,-6.1,-6.5,0.0
dude_337,-6.3,-6.2,-6.1,-6.7,0.0
dude_338,-6.87,-6.85,-6.6,-7.4,0.0
dude_339,-7.93,-7.8,-7.5,-8.7,0.0
dude_34,-7.42,-7.4,-7.0,-8.2,0.0
dude_340,-6.69,-6.7,-6.2,-7.7,0.0
dude_341,-7.39,-7.3,-7.0,-8.2,0.0
dude_342,-6.96,-6.95,-6.6,-7.4,0.0
dude_343,-7.41,-7.2,-6.7,-8.7,0.0
dude_344,-5.91,-5.85,-5.5,-6.6,0.0
dude_345,-7.29,-7.2,-6.8,-8.0,0.0
dude_346,-6.44,-6.4,-6.1,-7.1,0.0
dude_347,-7.39,-7.3,-6.9,-8.3,0.0
dude_348,-6.22,-6.2,-6.0,-6.9,0.0
dude_349,-7.84,-7.6,-7.3,-8.8,0.0
dude_35,-7.76,-7.7,-7.4,-8.2,0.0
dude_350,-7.22,-7.1,-6.8,-8.3,0.0
dude_351,-6.95,-6.9,-6.5,-7.8,0.0
dude_352,-6.69,-6.75,-6.2,-7.3,0.0
dude_353,-7.23,-7.1,-6.6,-8.0,0.0
dude_354,-7.55,-7.4,-7.1,-8.2,0.0
dude_355,-7.88,-7.8,-7.4,-8.7,0.0
dude_356,-7.19,-7.05,-6.8,-8.3,0.0
dude_357,-6.91,-6.9,-6.6,-7.4,0.0
dude_358,-6.78,-6.8,-6.4,-7.4,0.0
dude_359,-7.09,-7.0,-6.5,-8.0,0.0
dude_36,-7.04,-6.9,-6.7,-8.1,0.0
dude_360,-7.71,-7.7,-7.4,-8.1,0.0
dude_361,-7.28,-7.3,-6.8,-8.0,0.0
dude_362,-6.64,-6.45,-6.2,-7.6,0.0
dude_363,-6.11,-6.0,-5.7,-6.7,0.0
dude_364,-6.87,-6.8,-6.6,-7.2,0.0
dude_365,-6.51,-6.45,-6.1,-7.1,0.0
dude_366,-6.92,-6.8,-6.5,-7.8,0.0
dude_367,-6.72,-6.6,-6.4,-7.5,0.0
dude_368,-7.3,-7.2,-7.0,-8.1,0.0
dude_369,-7.23,-7.2,-6.9,-7.7,0.0
dude_37,-8.84,-8.8,-8.3,-9.8,0.0
dude_370,-7.36,-7.15,-6.9,-8.2,0.0
dude_371,-6.89,-6.8,-6.5,-8.1,0.0
dude_372,-6.52,-6.5,-6.2,-6.9,0.0
dude_373,-7.02,-6.9,-6.7,-7.5,0.0
dude_374,-6.86,-6.8,-6.6,-7.6,0.0
dude_375,-6.23,-6.2,-6.0,-6.9,0.0
dude_376,-7.18,-7.1,-6.5,-8.6,0.0
dude_377,-6.4,-6.25,-6.1,-7.1,0.0
dude_378,-7.22,-7.05,-6.8,-8.5,0.0
dude_379,-7.45,-7.3,-6.9,-8.5,0.0
dude_38,-6.92,-6.8,-6.3,-7.9,0.0
dude_380,-6.88,-6.8,-6.5,-7.5,0.0
dude_381,-6.98,-6.9,-6.6,-7.6,0.0
dude_382,-7.28,-7.2,-6.9,-7.9,0.0
dude_383,-6.97,-6.75,-6.5,-7.7,0.0
dude_384,-7.02,-7.1,-6.7,-7.4,0.0
dude_385,-7.24,-7.2,-6.9,-7.9,0.0
dude_386,-7.05,-7.0,-6.4,-7.8,0.0
dude_387,-7.27,-7.2,-6.9,-7.9,0.0
dude_388,-6.41,-6.35,-6.1,-6.8,0.0
dude_389,-6.92,-6.8,-6.5,-7.9,0.0
dude_39,-8.67,-8.6,-8.2,-9.8,0.0
dude_390,-6.19,-6.2,-5.9,-6.5,0.0
dude_391,-7.47,-7.4,-7.2,-8.2,0.0
dude_392,-7.55,-7.5,-7.0,-8.8,0.0
dude_393,-8.23,-8.25,-7.8,-8.8,0.0
dude_394,-7.45,-7.4,-6.9,-8.2,0.0
dude_395,-7.47,-7.5,-7.2,-7.7,0.0
dude_396,-6.08,-6.05,-5.8,-6.8,0.0
dude_397,-6.55,-6.5,-6.3,-6.9,0.0
dude_398,-6.96,-6.85,-6.6,-7.7,0.0
dude_399,-7.6,-7.5,-7.1,-8.4,0.0
dude_4,-7.35,-7.3,-7.0,-7.8,0.0
dude_40,-7.77,-7.75,-7.6,-8.0,0.0
dude_400,-7.08,-7.0,-6.6,-7.7,0.0
dude_401,-6.44,-6.3,-6.0,-7.1,0.0
dude_402,-6.71,-6.6,-6.4,-7.3,0.0
dude_403,-6.58,-6.5,-6.3,-7.3,0.0
dude_404,-6.51,-6.5,-6.0,-7.4,0.0
dude_405,-6.82,-6.85,-6.5,-7.2,0.0
dude_406,-6.49,-6.45,-6.0,-7.0,0.0
dude_407,-6.19,-6.1,-5.7,-6.9,0.0
dude_408,-6.76,-6.7,-6.4,-7.7,0.0
dude_409,-6.83,-6.8,-6.5,-7.6,0.0
dude_41,-7.92,-7.6,-7.3,-9.9,0.0
dude_410,-5.83,-5.8,-5.5,-6.2,0.0
dude_411,-6.43,-6.45,-6.2,-6.8,0.0
dude_412,-6.54,-6.55,-6.2,-7.0,0.0
dude_413,-6.5,-6.4,-6.0,-7.7,0.0
dude_414,-6.71,-6.7,-6.3,-7.2,0.0
dude_415,-6.78,-6.7,-6.4,-7.3,0.0
dude_416,-6.87,-6.85,-6.4,-7.4,0.0
dude_417,-7.27,-7.2,-7.0,-7.9,0.0
dude_418,-6.54,-6.5,-6.2,-7.3,0.0
dude_419,-6.3,-6.1,-6.0,-7.0,0.0
dude_42,-7.77,-7.45,-7.0,-9.1,0.0
dude_420,-5.81,-5.7,-5.5,-6.5,0.0
dude_421,-6.17,-6.1,-5.9,-6.5,0.0
dude_422,-6.2,-6.15,-5.9,-6.7,0.0
dude_423,-7.14,-7.05,-6.6,-8.0,0.0
dude_424,-6.7,-6.6,-6.3,-7.2,0.0
dude_425,-7.62,-7.5,-7.1,-8.1,0.0
dude_426,-6.62,-6.6,-6.3,-7.0,0.0
dude_427,-7.96,-7.95,-7.6,-8.5,0.0
dude_428,-6.64,-6.5,-6.1,-7.8,0.0
dude_429,-7.33,-7.25,-6.9,-8.1,0.0
dude_43,-7.92,-7.8,-7.3,-8.7,0.0
dude_430,-7.27,-7.3,-6.9,-7.7,0.0
dude_431,-6.68,-6.65,-6.4,-6.9,0.0
dude_432,-6.17,-6.1,-5.9,-6.5,0.0
dude_433,-7.49,-7.45,-7.0,-8.5,0.0
dude_434,-7.13,-7.15,-6.7,-7.7,0.0
dude_435,-6.33,-6.3,-6.1,-6.8,0.0
dude_436,-6.48,-6.3,-5.9,-7.3,0.0
dude_437,-6.88,-6.8,-6.6,-7.3,0.0
dude_438,-6.39,-6.2,-5.9,-7.3,0.0
dude_439,-7.26,-7.3,-6.8,-7.8,0.0
dude_44,-7.36,-7.3,-6.8,-8.6,0.0
dude_440,-6.64,-6.55,-6.3,-7.2,0.0
dude_441,-7.16,-7.15,-6.8,-7.5,0.0
dude_442,-7.22,-7.1,-6.8,-7.8,0.0
dude_443,-7.43,-7.4,-6.9,-8.1,0.0
dude_444,-5.47,-5.4,-5.1,-6.0,0.0
dude_445,-6.97,-7.0,-6.6,-7.6,0.0
dude_446,-6.29,-6.3,-6.1,-6.5,0.0
dude_447,-6.84,-6.85,-6.4,-7.4,0.0
dude_448,-6.76,-6.8,-6.5,-7.2,0.0
dude_449,-6.48,-6.45,-6.1,-7.2,0.0
dude_45,-7.11,-7.05,-6.9,-7.4,0.0
dude_450,-6.89,-6.75,-6.5,-7.8,0.0
dude_451,-6.73,-6.6,-6.3,-7.5,0.0
dude_452,-6.97,-6.9,-6.6,-7.5,0.0
dude_453,-7.49,-7.45,-7.1,-8.0,0.0
dude_454,-7.2,-7.15,-6.9,-7.7,0.0
dude_455,-6.73,-6.7,-6.2,-7.3,0.0
dude_456,-7.04,-6.9,-6.6,-7.8,0.0
dude_457,-7.81,-7.75,-7.4,-8.4,0.0
dude_458,-8.25,-8.2,-7.8,-8.8,0.0
dude_459,-7.95,-8.0,-7.4,-8.6,0.0
dude_46,-7.0,-7.0,-6.8,-7.2,0.0
dude_460,-6.99,-6.9,-6.7,-7.7,0.0
dude_461,-7.24,-7.2,-6.9,-8.3,0.0
dude_462,-6.95,-6.9,-6.7,-7.3,0.0
dude_463,-7.54,-7.3,-7.0,-8.5,0.0
dude_464,-7.48,-7.4,-7.1,-8.2,0.0
dude_465,-7.69,-7.6,-7.5,-8.4,0.0
dude_466,-7.03,-6.9,-6.7,-7.5,0.0
dude_467,-6.38,-6.4,-6.1,-6.8,0.0
dude_468,-7.24,-7.3,-6.9,-7.4,0.0
dude_469,-7.33,-7.35,-7.0,-7.8,0.0
dude_47,-8.26,-8.0,-7.7,-9.2,0.0
dude_470,-7.92,-7.8,-7.6,-8.7,0.0
dude_471,-7.09,-6.9,-6.8,-7.8,0.0
dude_472,-7.32,-7.3,-7.1,-7.7,0.0
dude_473,-6.63,-6.6,-6.3,-7.4,0.0
dude_474,-7.45,-7.4,-7.2,-8.0,0.0
dude_475,-7.44,-7.4,-7.1,-8.2,0.0
dude_476,-6.44,-6.4,-6.3,-6.7,0.0
dude_477,-7.8,-7.6,-7.2,-8.6,0.0
dude_478,-7.46,-7.3,-7.2,-8.1,0.0
dude_479,-6.16,-6.1,-5.8,-6.7,0.0
dude_48,-7.21,-7.1,-6.9,-7.8,0.0
dude_480,-6.94,-6.85,-6.5,-7.7,0.0
dude_481,-7.45,-7.35,-7.0,-8.0,0.0
dude_482,-7.57,-7.5,-7.3,-8.2,0.0
dude_483,-7.08,-7.05,-6.8,-8.0,0.0
dude_484,-6.73,-6.55,-6.4,-7.5,0.0
dude_485,-6.8,-6.75,-6.5,-7.1,0.0
dude_486,-7.07,-7.05,-6.7,-7.6,0.0
dude_487,-7.21,-7.1,-6.7,-8.2,0.0
dude_488,-6.91,-6.95,-6.5,-7.5,0.0
dude_489,-6.99,-6.85,-6.4,-7.7,0.0
dude_49,-7.32,-7.3,-7.1,-7.6,0.0
dude_490,-7.38,-7.3,-7.0,-8.1,0.0
dude_491,-7.46,-7.3,-6.9,-8.4,0.0
dude_492,-7.2,-7.15,-6.9,-7.7,0.0
dude_493,-5.88,-5.9,-5.7,-6.3,0.0
dude_494,-6.41,-6.3,-6.1,-7.1,0.0
dude_495,-7.26,-7.2,-7.0,-7.8,0.0
dude_496,-7.44,-7.3,-7.1,-8.2,0.0
dude_497,-7.49,-7.5,-7.1,-8.0,0.0
dude_498,-7.05,-7.0,-6.8,-7.4,0.0
dude_499,-6.27,-6.25,-5.9,-6.8,0.0
dude_5,-6.81,-6.75,-6.5,-7.4,0.0
dude_50,-8.21,-8.3,-7.5,-9.1,0.0
dude_500,-8.06,-8.0,-7.6,-8.7,0.0
dude_501,-6.69,-6.6,-6.3,-7.3,0.0
dude_502,-6.42,-6.45,-6.2,-6.7,0.0
dude_503,-6.43,-6.4,-6.1,-6.8,0.0
dude_504,-6.56,-6.3,-6.0,-7.9,0.0
dude_505,-6.34,-6.35,-5.9,-7.0,0.0
dude_506,-6.08,-6.0,-5.8,-6.4,0.0
dude_507,-6.23,-6.2,-5.9,-6.7,0.0
dude_508,-6.96,-6.95,-6.7,-7.3,0.0
dude_509,-5.86,-5.85,-5.5,-6.9,0.0
dude_51,-8.53,-8.4,-8.2,-9.6,0.0
dude_510,-6.22,-6.2,-5.9,-6.7,0.0
dude_511,-6.63,-6.5,-6.3,-7.6,0.0
dude_512,-6.44,-6.4,-6.2,-6.7,0.0
dude_513,-6.34,-6.25,-5.9,-7.0,0.0
dude_514,-6.93,-6.9,-6.7,-7.4,0.0
dude_515,-6.35,-6.4,-6.1,-6.7,0.0
dude_516,-6.37,-6.35,-5.9,-7.0,0.0
dude_517,-7.99,-7.9,-7.6,-8.6,0.0
dude_518,-6.77,-6.7,-6.4,-7.4,0.0
dude_519,-6.93,-6.9,-6.6,-7.2,0.0
dude_52,-7.36,-7.3,-7.1,-8.0,0.0
dude_520,-5.91,-5.8,-5.7,-6.4,0.0
dude_521,-6.81,-6.8,-6.4,-7.6,0.0
dude_522,-6.54,-6.5,-6.2,-7.0,0.0
dude_523,-6.43,-6.4,-6.2,-6.9,0.0
dude_524,-7.53,-7.45,-7.2,-8.0,0.0
dude_525,-6.49,-6.55,-6.0,-6.9,0.0
dude_526,-6.67,-6.7,-6.4,-7.1,0.0
dude_527,-6.97,-6.95,-6.6,-7.3,0.0
dude_528,-7.12,-7.15,-6.7,-7.4,0.0
dude_529,-7.03,-7.0,-6.8,-7.4,0.0
dude_53,-8.03,-8.0,-7.6,-9.0,0.0
dude_530,-6.21,-6.15,-5.9,-6.7,0.0
dude_531,-6.98,-6.95,-6.7,-7.6,0.0
dude_532,-6.5,-6.45,-6.3,-6.8,0.0
dude_533,-6.79,-6.7,-6.4,-7.6,0.0
dude_534,-7.25,-7.0,-6.7,-8.6,0.0
dude_535,-7.42,-7.3,-6.8,-8.3,0.0
dude_536,-7.09,-6.9,-6.7,-7.7,0.0
dude_537,-6.63,-6.5,-6.3,-7.8,0.0
dude_538,-7.21,-7.05,-6.9,-8.2,0.0
dude_539,-6.41,-6.4,-6.2,-6.8,0.0
dude_54,-7.37,-7.35,-7.1,-8.1,0.0
dude_540,-7.05,-6.95,-6.6,-7.9,0.0
dude_541,-6.69,-6.7,-6.3,-7.2,0.0
dude_542,-6.91,-6.85,-6.6,-7.5,0.0
dude_543,-6.92,-6.9,-6.7,-7.3,0.0
dude_544,-6.67,-6.6,-6.3,-7.6,0.0
dude_545,-7.01,-7.0,-6.7,-7.6,0.0
dude_546,-6.84,-6.7,-6.5,-7.4,0.0
dude_547,-7.78,-7.7,-7.6,-8.7,0.0
dude_548,-7.17,-7.1,-6.8,-7.9,0.0
dude_549,-7.47,-7.4,-7.2,-7.9,0.0
dude_55,-7.51,-7.45,-6.9,-8.4,0.0
dude_550,-7.84,-7.75,-7.6,-8.5,0.0
dude_551,-7.29,-7.25,-7.0,-7.7,0.0
dude_552,-7.12,-7.0,-6.8,-7.8,0.0
dude_553,-7.07,-7.0,-6.7,-7.6,0.0
dude_554,-7.18,-7.0,-6.8,-7.9,0.0
dude_555,-7.08,-7.0,-6.7,-7.6,0.0
dude_556,-7.33,-7.3,-6.9,-7.9,0.0
dude_557,-6.95,-6.95,-6.5,-7.5,0.0
dude_558,-7.12,-7.1,-6.9,-7.6,0.0
dude_559,-6.57,-6.55,-6.0,-7.3,0.0
dude_56,-8.62,-8.5,-8.3,-9.3,0.0
dude_560,-6.6,-6.55,-6.3,-7.0,0.0
dude_561,-7.58,-7.55,-7.3,-8.1,0.0
dude_562,-7.49,-7.4,-7.2,-7.9,0.0
dude_563,-7.54,-7.35,-7.2,-8.8,0.0
dude_564,-7.52,-7.45,-7.1,-8.2,0.0
dude_565,-7.06,-7.0,-6.8,-7.5,0.0
dude_566,-8.17,-8.1,-7.8,-8.6,0.0
dude_567,-7.67,-7.65,-7.3,-8.3,0.0
dude_568,-7.3,-7.25,-7.0,-7.9,0.0
dude_569,-8.13,-8.1,-7.8,-8.6,0.0
dude_57,-7.02,-6.95,-6.5,-7.6,0.0
dude_570,-6.97,-6.9,-6.6,-7.5,0.0
dude_571,-7.35,-7.3,-6.9,-8.1,0.0
dude_572,-7.1,-7.1,-6.9,-7.5,0.0
dude_573,-7.49,-7.4,-7.2,-8.3,0.0
dude_574,-7.88,-7.8,-7.6,-8.7,0.0
dude_575,-7.45,-7.4,-7.1,-8.3,0.0
dude_576,-7.56,-7.5,-7.2,-8.3,0.0
dude_577,-7.37,-7.35,-6.9,-7.8,0.0
dude_578,-7.67,-7.6,-7.4,-8.1,0.0
dude_579,-7.3,-7.3,-7.0,-7.6,0.0
dude_58,-7.37,-7.4,-7.1,-7.7,0.0
dude_580,-6.74,-6.7,-6.5,-7.4,0.0
dude_581,-7.41,-7.35,-7.0,-8.1,0.0
dude_582,-7.45,-7.4,-7.1,-7.9,0.0
dude_583,-6.82,-6.8,-6.6,-7.2,0.0
dude_584,-6.81,-6.8,-6.4,-7.6,0.0
dude_585,-7.28,-7.2,-7.0,-7.9,0.0
dude_586,-7.38,-7.3,-6.9,-8.2,0.0
dude_587,-6.78,-6.75,-6.4,-7.4,0.0
dude_588,-7.64,-7.6,-7.0,-8.7,0.0
dude_589,-7.94,-7.9,-7.5,-8.6,0.0
dude_59,-7.62,-7.65,-7.2,-8.1,0.0
dude_590,-6.66,-6.6,-6.4,-7.0,0.0
dude_591,-6.97,-6.95,-6.5,-7.5,0.0
dude_592,-7.07,-7.05,-6.7,-7.8,0.0
dude_593,-7.79,-7.7,-7.4,-8.4,0.0
dude_594,-7.11,-7.1,-6.7,-7.6,0.0
dude_595,-8.03,-7.9,-7.7,-9.0,0.0
dude_596,-6.84,-6.8,-6.6,-7.1,0.0
dude_597,-6.78,-6.7,-6.5,-7.3,0.0
dude_598,-7.82,-7.7,-7.4,-8.5,0.0
dude_599,-8.38,-8.4,-8.0,-9.0,0.0
dude_6,-8.03,-7.8,-7.6,-8.9,0.0
dude_60,-7.21,-7.1,-6.8,-7.8,0.0
dude_600,-6.65,-6.6,-6.4,-7.2,0.0
dude_601,-6.68,-6.7,-6.4,-7.1,0.0
dude_602,-6.39,-6.35,-6.1,-7.0,0.0
dude_603,-6.76,-6.75,-6.4,-7.2,0.0
dude_604,-6.64,-6.6,-6.2,-7.5,0.0
dude_605,-6.43,-6.45,-6.1,-6.9,0.0
dude_606,-6.76,-6.7,-6.6,-7.2,0.0
dude_607,-6.59,-6.5,-6.1,-7.1,0.0
dude_608,-7.26,-7.2,-7.0,-7.6,0.0
dude_609,-6.02,-6.0,-5.8,-6.2,0.0
dude_61,-7.29,-7.2,-6.8,-8.7,0.0
dude_610,-6.24,-6.2,-5.7,-6.8,0.0
dude_611,-6.2,-6.15,-6.0,-6.6,0.0
dude_612,-6.61,-6.6,-6.3,-6.9,0.0
dude_613,-6.87,-6.85,-6.5,-7.8,0.0
dude_614,-5.93,-5.95,-5.5,-6.5,0.0
dude_615,-6.25,-6.25,-6.0,-6.7,0.0
dude_616,-6.43,-6.4,-6.3,-6.8,0.0
dude_617,-6.19,-6.05,-5.7,-6.8,0.0
dude_618,-6.74,-6.7,-6.6,-7.0,0.0
dude_619,-6.78,-6.8,-6.5,-7.1,0.0
dude_62,-7.85,-7.7,-7.2,-9.1,0.0
dude_620,-5.76,-5.7,-5.5,-6.2,0.0
dude_621,-6.62,-6.6,-6.3,-6.9,0.0
dude_622,-6.13,-6.1,-5.9,-6.5,0.0
dude_623,-7.07,-7.05,-6.8,-7.8,0.0
dude_624,-6.55,-6.5,-6.4,-6.9,0.0
dude_625,-6.44,-6.45,-6.2,-6.7,0.0
dude_626,-6.92,-6.8,-6.4,-7.8,0.0
dude_627,-7.2,-7.2,-6.9,-7.7,0.0
dude_628,-6.23,-6.2,-5.9,-6.8,0.0
dude_629,-6.53,-6.5,-6.2,-7.0,0.0
dude_63,-7.51,-7.4,-7.1,-8.3,0.0
dude_630,-7.3,-7.25,-6.9,-8.0,0.0
dude_631,-7.09,-7.0,-6.7,-7.8,0.0
dude_632,-5.92,-5.9,-5.6,-6.5,0.0
dude_633,-7.69,-7.65,-7.1,-8.6,0.0
dude_634,-6.0,-5.9,-5.6,-6.4,0.0
dude_635,-7.0,-6.85,-6.5,-8.1,0.0
dude_636,-6.29,-6.2,-6.0,-6.9,0.0
dude_637,-6.89,-6.85,-6.6,-7.3,0.0
dude_638,-7.01,-6.95,-6.8,-7.5,0.0
dude_639,-7.12,-7.05,-6.7,-8.0,0.0
dude_64,-7.5,-7.4,-7.2,-8.2,0.0
dude_640,-5.66,-5.6,-5.5,-6.0,0.0
dude_641,-5.53,-5.5,-5.3,-5.9,0.0
dude_642,-6.81,-6.75,-6.5,-7.2,0.0
dude_643,-6.93,-6.9,-6.5,-7.4,0.0
dude_644,-6.37,-6.35,-6.0,-6.8,0.0
dude_645,-6.19,-6.1,-5.9,-6.7,0.0
dude_646,-7.19,-7.1,-6.8,-8.2,0.0
dude_647,-6.58,-6.5,-6.4,-7.2,0.0
dude_648,-6.87,-6.8,-6.4,-7.4,0.0
dude_649,-6.71,-6.6,-6.3,-7.4,0.0
dude_65,-7.23,-7.0,-6.8,-8.0,0.0
dude_650,-6.73,-6.7,-6.5,-7.2,0.0
dude_651,-7.05,-6.9,-6.7,-7.7,0.0
dude_652,-6.93,-6.9,-6.4,-7.5,0.0
dude_653,-7.73,-7.65,-7.3,-8.7,0.0
dude_654,-7.15,-7.15,-6.7,-7.5,0.0
dude_655,-6.96,-6.9,-6.5,-7.7,0.0
dude_656,-7.92,-7.75,-7.4,-9.1,0.0
dude_657,-6.95,-6.8,-6.5,-8.1,0.0
dude_658,-6.88,-6.8,-6.6,-7.6,0.0
dude_659,-7.48,-7.4,-7.1,-8.2,0.0
dude_66,-8.03,-8.0,-7.5,-8.7,0.0
dude_660,-7.79,-7.8,-7.0,-8.6,0.0
dude_661,-7.38,-7.3,-6.9,-8.5,0.0
dude_662,-7.37,-7.2,-7.0,-8.1,0.0
dude_663,-6.69,-6.6,-6.4,-7.3,0.0
dude_664,-6.9,-7.0,-6.4,-7.3,0.0
dude_665,-6.55,-6.55,-6.1,-7.0,0.0
dude_666,-5.94,-5.9,-5.6,-6.4,0.0
dude_667,-7.09,-7.1,-6.6,-8.1,0.0
dude_668,-6.25,-6.15,-5.9,-6.8,0.0
dude_669,-6.99,-6.9,-6.6,-7.7,0.0
dude_67,-7.72,-7.65,-7.4,-8.2,0.0
dude_670,-6.94,-6.95,-6.6,-7.4,0.0
dude_671,-7.39,-7.3,-7.1,-7.9,0.0
dude_672,-7.37,-7.3,-7.0,-8.0,0.0
dude_673,-6.25,-6.1,-5.9,-7.1,0.0
dude_674,-7.71,-7.7,-7.2,-8.2,0.0
dude_675,-6.84,-6.8,-6.5,-7.3,0.0
dude_676,-7.28,-7.15,-6.9,-8.1,0.0
dude_677,-7.12,-6.95,-6.5,-7.9,0.0
dude_678,-7.01,-7.0,-6.8,-7.5,0.0
dude_679,-7.18,-7.2,-6.8,-7.6,0.0
dude_68,-7.38,-7.4,-7.1,-7.8,0.0
dude_680,-6.88,-6.8,-6.5,-7.5,0.0
dude_681,-7.46,-7.4,-7.2,-7.8,0.0
dude_682,-6.77,-6.7,-6.3,-7.7,0.0
dude_683,-6.96,-6.9,-6.5,-7.8,0.0
dude_684,-6.08,-6.1,-5.9,-6.4,0.0
dude_685,-6.48,-6.45,-6.1,-6.9,0.0
dude_686,-6.28,-6.2,-6.0,-6.6,0.0
dude_687,-6.89,-6.85,-6.7,-7.3,0.0
dude_688,-6.45,-6.4,-6.1,-6.8,0.0
dude_689,-6.9,-6.6,-6.3,-8.0,0.0
dude_69,-8.16,-8.1,-7.6,-8.9,0.0
dude_690,-6.32,-6.25,-6.1,-6.7,0.0
dude_691,-7.58,-7.55,-7.1,-8.1,0.0
dude_692,-7.09,-7.0,-6.7,-7.7,0.0
dude_693,-6.15,-6.15,-5.8,-6.5,0.0
dude_694,-6.14,-6.1,-5.9,-6.6,0.0
dude_695,-6.92,-6.9,-6.5,-7.4,0.0
dude_696,-6.57,-6.5,-6.2,-7.1,0.0
dude_697,-6.4,-6.3,-6.0,-7.2,0.0
dude_698,-6.98,-6.9,-6.5,-7.7,0.0
dude_699,-5.85,-5.8,-5.6,-6.5,0.0
dude_7,-8.05,-7.9,-7.6,-9.3,0.0
dude_70,-8.38,-8.3,-8.1,-8.9,0.0
dude_700,-7.24,-7.2,-6.9,-7.9,0.0
dude_701,-7.38,-7.4,-7.1,-7.9,0.0
dude_702,-7.18,-7.1,-6.8,-7.8,0.0
dude_703,-6.84,-6.8,-6.4,-7.4,0.0
dude_704,-6.81,-6.8,-6.5,-7.3,0.0
dude_705,-5.57,-5.5,-5.2,-6.2,0.0
dude_706,-6.73,-6.6,-6.3,-7.8,0.0
dude_707,-6.87,-6.85,-6.5,-7.4,0.0
dude_708,-6.91,-6.9,-6.5,-7.9,0.0
dude_709,-7.15,-7.05,-6.7,-8.0,0.0
dude_71,-7.63,-7.65,-7.1,-8.3,0.0
dude_710,-6.89,-6.9,-6.6,-7.4,0.0
dude_711,-7.18,-7.1,-6.9,-7.7,0.0
dude_712,-5.86,-5.85,-5.5,-6.4,0.0
dude_713,-6.96,-6.9,-6.5,-8.0,0.0
dude_714,-6.19,-6.15,-5.9,-6.7,0.0
dude_715,-6.46,-6.4,-6.2,-6.8,0.0
dude_716,-7.76,-7.75,-7.5,-8.1,0.0
dude_717,-6.71,-6.65,-6.5,-7.0,0.0
dude_718,-7.11,-7.0,-6.8,-8.0,0.0
dude_719,-7.16,-7.15,-6.9,-7.4,0.0
dude_72,-8.12,-7.9,-7.5,-9.4,0.0
dude_720,-7.26,-7.1,-6.9,-8.4,0.0
dude_721,-6.64,-6.6,-6.4,-7.2,0.0
dude_722,-7.0,-7.0,-6.5,-7.9,0.0
dude_723,-7.26,-7.15,-6.8,-8.3,0.0
dude_724,-6.58,-6.5,-6.2,-7.3,0.0
dude_725,-6.59,-6.6,-6.4,-6.9,0.0
dude_726,-6.02,-5.9,-5.7,-6.6,0.0
dude_727,-7.06,-7.0,-6.9,-7.4,0.0
dude_728,-6.18,-6.1,-5.8,-7.2,0.0
dude_729,-6.99,-6.7,-6.5,-8.0,0.0
dude_73,-7.27,-7.3,-7.0,-7.6,0.0
dude_730,-7.57,-7.5,-7.3,-8.0,0.0
dude_731,-5.56,-5.55,-5.3,-5.9,0.0
dude_732,-7.36,-7.3,-7.1,-7.8,0.0
dude_733,-7.31,-7.2,-6.9,-8.2,0.0
dude_734,-5.92,-5.8,-5.6,-6.5,0.0
dude_735,-6.52,-6.6,-6.2,-6.9,0.0
dude_736,-6.49,-6.5,-6.3,-6.9,0.0
dude_737,-6.16,-6.1,-5.8,-6.8,0.0
dude_738,-6.04,-5.95,-5.6,-6.9,0.0
dude_739,-6.46,-6.4,-6.2,-6.9,0.0
dude_74,-7.64,-7.5,-7.1,-8.7,0.0
dude_740,-6.84,-6.8,-6.4,-7.5,0.0
dude_741,-7.27,-7.2,-6.7,-8.0,0.0
dude_742,-7.53,-7.5,-7.3,-8.0,0.0
dude_743,-6.88,-6.8,-6.5,-7.8,0.0
dude_744,-6.71,-6.65,-6.4,-7.1,0.0
dude_745,-6.7,-6.7,-6.5,-7.4,0.0
dude_746,-6.93,-6.75,-6.3,-7.8,0.0
dude_747,-6.57,-6.5,-6.2,-7.2,0.0
dude_748,-6.84,-6.6,-6.2,-8.1,0.0
dude_749,-6.88,-6.9,-6.6,-7.3,0.0
dude_75,-7.88,-7.9,-7.5,-8.4,0.0
dude_750,-5.86,-5.8,-5.7,-6.2,0.0
dude_751,-6.45,-6.35,-6.1,-7.1,0.0
dude_752,-6.65,-6.6,-6.3,-7.3,0.0
dude_753,-6.76,-6.7,-6.4,-7.2,0.0
dude_754,-6.81,-6.8,-6.3,-7.6,0.0
dude_755,-7.92,-7.9,-7.6,-8.3,0.0
dude_756,-7.14,-7.1,-6.7,-7.8,0.0
dude_757,-7.1,-7.1,-6.8,-7.5,0.0
dude_758,-6.22,-6.2,-5.9,-6.6,0.0
dude_759,-7.0,-6.9,-6.4,-8.2,0.0
dude_76,-7.62,-7.4,-7.1,-8.3,0.0
dude_760,-6.94,-6.8,-6.5,-7.7,0.0
dude_761,-6.51,-6.4,-6.2,-7.3,0.0
dude_762,-6.56,-6.55,-6.2,-7.4,0.0
dude_763,-7.22,-7.1,-6.9,-8.0,0.0
dude_764,-7.24,-7.15,-6.7,-8.5,0.0
dude_765,-7.13,-7.2,-6.7,-7.6,0.0
dude_766,-6.91,-6.9,-6.5,-7.4,0.0
dude_767,-6.43,-6.4,-6.1,-6.8,0.0
dude_768,-6.92,-6.9,-6.6,-7.5,0.0
dude_769,-7.0,-7.0,-6.7,-7.4,0.0
dude_77,-7.4,-7.35,-7.0,-8.3,0.0
dude_770,-7.14,-7.0,-6.6,-8.1,0.0
dude_771,-6.51,-6.5,-5.8,-6.9,0.0
dude_772,-6.94,-6.8,-6.6,-7.7,0.0
dude_773,-6.99,-6.85,-6.5,-7.9,0.0
dude_774,-7.02,-6.95,-6.7,-7.7,0.0
dude_775,-7.57,-7.5,-7.2,-8.2,0.0
dude_776,-7.63,-7.6,-7.4,-8.0,0.0
dude_777,-6.3,-6.2,-5.9,-7.0,0.0
dude_778,-6.34,-6.2,-6.0,-6.9,0.0
dude_779,-6.8,-6.7,-6.4,-7.3,0.0
dude_78,-8.12,-8.15,-7.7,-8.8,0.0
dude_780,-7.09,-7.0,-6.8,-7.8,0.0
dude_781,-7.28,-7.2,-6.9,-7.8,0.0
dude_782,-6.83,-6.75,-6.2,-8.1,0.0
dude_783,-8.12,-8.15,-7.6,-8.6,0.0
dude_784,-7.14,-7.0,-6.8,-7.7,0.0
dude_785,-8.02,-8.05,-7.3,-8.6,0.0
dude_786,-7.21,-7.2,-6.6,-8.2,0.0
dude_787,-7.27,-7.2,-6.9,-7.9,0.0
dude_788,-7.01,-6.9,-6.6,-7.9,0.0
dude_789,-6.72,-6.7,-6.5,-7.2,0.0
dude_79,-8.26,-8.2,-7.9,-8.6,0.0
dude_790,-6.7,-6.6,-6.3,-7.2,0.0
dude_791,-7.15,-7.05,-6.9,-7.8,0.0
dude_792,-6.72,-6.7,-6.5,-7.2,0.0
dude_793,-6.77,-6.7,-6.3,-7.4,0.0
dude_794,-7.22,-7.2,-6.9,-7.8,0.0
dude_795,-6.84,-6.75,-6.2,-7.6,0.0
dude_796,-6.77,-6.7,-6.3,-7.9,0.0
dude_797,-5.88,-5.7,-5.5,-6.7,0.0
dude_798,-6.2,-6.15,-5.8,-6.9,0.0
dude_799,-7.11,-7.1,-6.5,-7.8,0.0
dude_8,-7.45,-7.4,-7.1,-8.2,0.0
dude_80,-7.64,-7.7,-7.2,-8.2,0.0
dude_800,-6.78,-6.8,-6.5,-7.1,0.0
dude_801,-7.22,-7.3,-6.7,-7.7,0.0
dude_802,-6.37,-6.3,-6.0,-6.8,0.0
dude_803,-6.53,-6.4,-6.2,-7.0,0.0
dude_804,-6.79,-6.8,-6.5,-7.1,0.0
dude_805,-6.45,-6.4,-6.2,-6.9,0.0
dude_806,-6.68,-6.65,-6.4,-7.1,0.0
dude_807,-7.07,-6.95,-6.6,-7.8,0.0
dude_808,-6.42,-6.4,-6.2,-6.7,0.0
dude_809,-7.02,-7.0,-6.6,-7.7,0.0
dude_81,-8.35,-8.3,-8.0,-8.9,0.0
dude_810,-5.91,-5.8,-5.6,-6.5,0.0
dude_811,-6.78,-6.75,-6.5,-7.3,0.0
dude_812,-6.84,-6.8,-6.6,-7.2,0.0
dude_813,-7.09,-7.05,-6.7,-7.9,0.0
dude_814,-6.99,-6.8,-6.6,-7.8,0.0
dude_815,-5.78,-5.8,-5.4,-6.5,0.0
dude_816,-6.56,-6.4,-6.2,-7.3,0.0
dude_817,-6.81,-6.8,-6.5,-7.4,0.0
dude_818,-6.48,-6.4,-6.3,-7.1,0.0
dude_819,-6.16,-6.0,-5.8,-6.7,0.0
dude_82,-8.53,-8.4,-8.3,-9.1,0.0
dude_820,-6.73,-6.7,-6.3,-7.5,0.0
dude_821,-7.06,-7.05,-6.4,-7.9,0.0
dude_822,-6.79,-6.7,-6.5,-7.4,0.0
dude_823,-6.94,-6.9,-6.5,-7.7,0.0
dude_824,-6.28,-6.2,-5.8,-7.0,0.0
dude_825,-5.99,-5.9,-5.8,-6.5,0.0
dude_826,-5.94,-5.9,-5.6,-6.5,0.0
dude_827,-6.42,-6.4,-6.1,-7.1,0.0
dude_828,-7.01,-7.0,-6.5,-7.6,0.0
dude_829,-6.81,-6.75,-6.4,-7.4,0.0
dude_83,-7.9,-7.85,-7.4,-8.5,0.0
dude_830,-7.1,-7.1,-6.7,-7.8,0.0
dude_831,-6.85,-6.5,-6.3,-8.3,0.0
dude_832,-6.86,-6.8,-6.7,-7.1,0.0
dude_833,-6.12,-6.0,-5.6,-6.8,0.0
dude_834,-6.9,-6.9,-6.6,-7.4,0.0
dude_835,-6.91,-6.75,-6.5,-7.7,0.0
dude_836,-6.54,-6.5,-6.3,-7.1,0.0
dude_837,-6.78,-6.8,-6.4,-7.3,0.0
dude_838,-5.98,-6.0,-5.6,-6.9,0.0
dude_839,-6.05,-5.95,-5.7,-6.9,0.0
dude_84,-7.85,-7.95,-7.4,-8.4,0.0
dude_840,-6.47,-6.45,-6.3,-6.8,0.0
dude_841,-6.7,-6.7,-6.5,-7.0,0.0
dude_842,-5.75,-5.7,-5.6,-6.1,0.0
dude_843,-6.68,-6.65,-6.2,-7.6,0.0
dude_844,-6.36,-6.4,-6.1,-6.7,0.0
dude_845,-6.67,-6.55,-6.3,-7.7,0.0
dude_846,-7.01,-6.9,-6.4,-7.9,0.0
dude_847,-6.74,-6.75,-6.3,-7.3,0.0
dude_848,-6.56,-6.55,-6.4,-6.8,0.0
dude_849,-5.83,-5.8,-5.7,-6.1,0.0
dude_85,-8.08,-8.0,-7.7,-8.7,0.0
dude_850,-7.64,-7.65,-7.3,-8.0,0.0
dude_851,-6.92,-7.0,-6.4,-7.5,0.0
dude_852,-6.88,-6.8,-6.5,-7.6,0.0
dude_853,-6.64,-6.5,-6.2,-7.3,0.0
dude_854,-7.37,-7.3,-7.0,-8.2,0.0
dude_855,-7.42,-7.25,-6.8,-8.8,0.0
dude_856,-6.73,-6.6,-6.2,-7.3,0.0
dude_857,-6.54,-6.45,-6.1,-7.1,0.0
dude_858,-7.03,-7.0,-6.4,-7.8,0.0
dude_859,-7.04,-6.9,-6.7,-7.7,0.0
dude_86,-7.78,-7.6,-7.4,-8.8,0.0
dude_860,-7.89,-7.75,-7.3,-9.1,0.0
dude_861,-7.45,-7.6,-7.0,-8.0,0.0
dude_862,-7.36,-7.3,-6.8,-8.2,0.0
dude_863,-7.59,-7.5,-7.1,-8.3,0.0
dude_864,-6.96,-6.95,-6.5,-7.5,0.0
dude_865,-7.34,-7.3,-6.9,-8.1,0.0
dude_866,-7.0,-6.9,-6.7,-7.7,0.0
dude_867,-6.73,-6.65,-6.3,-7.4,0.0
dude_868,-7.62,-7.55,-7.2,-8.7,0.0
dude_869,-7.6,-7.4,-7.2,-8.4,0.0
dude_87,-8.1,-8.0,-7.8,-8.5,0.0
dude_870,-8.42,-8.2,-7.8,-9.8,0.0
dude_871,-7.62,-7.45,-7.3,-8.3,0.0
dude_872,-7.1,-7.05,-6.6,-7.8,0.0
dude_873,-7.34,-7.3,-6.9,-8.0,0.0
dude_874,-7.32,-7.3,-6.8,-8.0,0.0
dude_875,-7.28,-7.1,-6.9,-8.0,0.0
dude_876,-7.78,-7.7,-7.5,-8.4,0.0
dude_877,-7.14,-7.1,-7.0,-7.4,0.0
dude_878,-7.57,-7.4,-7.2,-8.2,0.0
dude_879,-7.51,-7.45,-7.2,-8.4,0.0
dude_88,-8.7,-8.6,-8.3,-9.3,0.0
dude_880,-6.58,-6.5,-6.2,-7.3,0.0
dude_881,-6.54,-6.5,-6.2,-7.2,0.0
dude_882,-8.32,-8.2,-7.7,-9.2,0.0
dude_883,-7.71,-7.6,-7.0,-8.5,0.0
dude_884,-7.12,-6.9,-6.7,-7.8,0.0
dude_885,-7.21,-7.25,-6.8,-7.6,0.0
dude_886,-7.06,-7.0,-6.8,-7.8,0.0
dude_887,-7.52,-7.4,-7.0,-8.4,0.0
dude_888,-6.71,-6.7,-6.3,-7.2,0.0
dude_889,-7.35,-7.3,-7.0,-8.0,0.0
dude_89,-8.17,-8.1,-7.8,-8.9,0.0
dude_890,-7.29,-7.2,-7.0,-8.0,0.0
dude_891,-6.77,-6.8,-6.4,-7.2,0.0
dude_892,-7.67,-7.55,-7.2,-8.4,0.0
dude_893,-7.02,-6.9,-6.5,-8.1,0.0
dude_894,-6.98,-6.95,-6.6,-7.7,0.0
dude_895,-7.36,-7.4,-7.0,-7.7,0.0
dude_896,-7.31,-7.2,-6.9,-8.2,0.0
dude_897,-6.53,-6.5,-6.1,-7.4,0.0
dude_898,-7.44,-7.3,-6.7,-9.1,0.0
dude_899,-7.91,-7.85,-7.4,-8.5,0.0
dude_9,-8.0,-7.8,-7.4,-8.7,0.0
dude_90,-7.22,-7.0,-6.6,-8.2,0.0
dude_900,-7.52,-7.45,-7.1,-8.3,0.0
dude_901,-6.94,-6.9,-6.6,-7.7,0.0
dude_902,-7.11,-7.1,-6.7,-8.0,0.0
dude_903,-6.74,-6.7,-6.5,-7.2,0.0
dude_904,-6.94,-6.8,-6.4,-8.0,0.0
dude_905,-7.11,-7.0,-6.6,-7.8,0.0
dude_906,-6.32,-6.35,-5.9,-6.8,0.0
dude_907,-6.34,-6.3,-6.0,-6.8,0.0
dude_908,-7.36,-7.25,-7.0,-8.3,0.0
dude_909,-6.15,-6.0,-5.8,-6.9,0.0
dude_91,-7.84,-7.8,-7.4,-8.5,0.0
dude_910,-7.1,-7.15,-6.7,-7.9,0.0
dude_911,-6.77,-6.8,-6.3,-7.7,0.0
dude_912,-7.09,-7.0,-6.6,-7.8,0.0
dude_913,-7.54,-7.6,-7.0,-8.2,0.0
dude_914,-7.4,-7.5,-6.9,-8.1,0.0
dude_915,-6.73,-6.7,-6.4,-7.1,0.0
dude_916,-6.84,-6.8,-6.6,-7.8,0.0
dude_917,-6.66,-6.5,-6.3,-7.2,0.0
dude_918,-7.39,-7.3,-7.0,-8.3,0.0
dude_919,-6.11,-6.0,-5.8,-6.9,0.0
dude_92,-7.59,-7.45,-7.2,-8.9,0.0
dude_920,-7.04,-7.0,-6.6,-7.5,0.0
dude_921,-6.58,-6.5,-6.0,-7.3,0.0
dude_922,-6.76,-6.75,-6.5,-7.2,0.0
dude_923,-6.72,-6.55,-6.3,-7.6,0.0
dude_924,-6.49,-6.5,-6.2,-6.7,0.0
dude_925,-6.24,-6.2,-6.0,-6.8,0.0
dude_926,-6.63,-6.6,-6.4,-7.1,0.0
dude_927,-7.56,-7.45,-7.1,-8.9,0.0
dude_928,-7.17,-7.1,-6.7,-7.8,0.0
dude_929,-6.76,-6.6,-6.4,-7.4,0.0
dude_93,-7.78,-7.8,-7.2,-8.2,0.0
dude_930,-6.94,-6.6,-6.5,-8.0,0.0
dude_931,-7.09,-7.1,-6.7,-7.7,0.0
dude_932,-6.54,-6.4,-6.2,-7.0,0.0
dude_933,-6.36,-6.35,-5.9,-7.1,0.0
dude_934,-6.84,-6.7,-6.6,-7.5,0.0
dude_935,-6.51,-6.5,-6.0,-7.4,0.0
dude_936,-6.47,-6.45,-6.2,-6.9,0.0
dude_937,-6.48,-6.45,-6.2,-7.2,0.0
dude_938,-6.58,-6.45,-6.2,-7.5,0.0
dude_939,-6.56,-6.5,-6.0,-7.2,0.0
dude_94,-7.39,-7.35,-7.0,-8.1,0.0
dude_940,-6.85,-6.9,-6.5,-7.2,0.0
dude_941,-7.65,-7.5,-7.3,-8.5,0.0
dude_942,-7.09,-7.1,-6.7,-8.1,0.0
dude_943,-7.58,-7.6,-7.1,-8.3,0.0
dude_944,-6.43,-6.35,-6.1,-7.2,0.0
dude_945,-6.37,-6.3,-6.0,-7.0,0.0
dude_946,-6.19,-6.15,-6.0,-6.6,0.0
dude_947,-6.74,-6.7,-6.5,-7.2,0.0
dude_948,-7.52,-7.4,-7.2,-8.0,0.0
dude_949,-7.17,-7.1,-6.9,-8.0,0.0
dude_95,-8.18,-8.2,-7.8,-8.8,0.0
dude_950,-6.57,-6.6,-6.3,-6.8,0.0
dude_951,-6.6,-6.4,-6.3,-7.3,0.0
dude_952,-6.49,-6.3,-6.1,-7.4,0.0
dude_953,-7.24,-7.2,-7.1,-7.8,0.0
dude_954,-6.78,-6.7,-6.5,-7.3,0.0
dude_955,-5.94,-5.8,-5.7,-6.6,0.0
dude_956,-6.89,-6.9,-6.5,-7.5,0.0
dude_957,-7.17,-7.1,-6.9,-7.7,0.0
dude_958,-6.71,-6.6,-6.3,-7.4,0.0
dude_959,-7.18,-7.1,-6.7,-8.0,0.0
dude_96,-7.17,-7.1,-6.8,-7.9,0.0
dude_960,-7.44,-7.4,-7.1,-8.2,0.0
dude_961,-6.67,-6.6,-6.4,-7.3,0.0
dude_962,-8.11,-8.0,-7.8,-8.7,0.0
dude_963,-7.3,-7.3,-6.9,-7.9,0.0
dude_964,-7.25,-7.2,-6.8,-8.0,0.0
dude_965,-6.93,-6.8,-6.6,-7.5,0.0
dude_966,-6.48,-6.5,-6.2,-6.8,0.0
dude_967,-7.04,-6.95,-6.6,-7.5,0.0
dude_968,-6.99,-7.0,-6.6,-7.6,0.0
dude_969,-7.69,-7.6,-7.5,-8.2,0.0
dude_97,-8.75,-8.75,-8.0,-9.5,0.0
dude_970,-7.3,-7.2,-7.0,-7.8,0.0
dude_971,-6.26,-6.2,-6.1,-6.6,0.0
dude_972,-6.97,-6.8,-6.4,-7.9,0.0
dude_973,-7.16,-7.15,-6.8,-7.5,0.0
dude_974,-7.24,-7.2,-7.0,-7.9,0.0
dude_975,-6.59,-6.6,-6.3,-7.4,0.0
dude_976,-7.04,-7.0,-6.8,-7.8,0.0
dude_977,-7.02,-6.8,-6.5,-8.1,0.0
dude_978,-7.58,-7.5,-7.2,-8.2,0.0
dude_979,-6.86,-6.9,-6.5,-7.5,0.0
dude_98,-8.56,-8.4,-8.2,-9.3,0.0
dude_980,-7.08,-7.0,-6.7,-7.6,0.0
dude_981,-6.91,-6.8,-6.5,-7.5,0.0
dude_982,-7.64,-7.6,-7.3,-8.1,0.0
dude_983,-7.16,-7.1,-6.9,-7.7,0.0
dude_984,-6.0,-5.9,-5.7,-7.0,0.0
dude_985,-7.74,-7.75,-7.3,-8.2,0.0
dude_986,-7.94,-7.9,-7.5,-8.5,0.0
dude_987,-6.67,-6.7,-6.4,-7.0,0.0
dude_988,-6.97,-6.95,-6.7,-7.4,0.0
dude_989,-6.23,-6.2,-6.0,-6.6,0.0
dude_99,-7.13,-7.1,-6.9,-7.9,0.0
dude_990,-6.11,-6.05,-5.9,-6.5,0.0
dude_991,-6.83,-6.75,-6.4,-7.4,0.0
dude_992,-6.56,-6.5,-6.3,-7.0,0.0
dude_993,-7.18,-7.2,-6.9,-7.6,0.0
dude_994,-7.93,-7.9,-7.5,-8.7,0.0
dude_995,-7.24,-7.2,-6.9,-7.8,0.0
dude_996,-7.09,-7.0,-6.7,-7.7,0.0
dude_997,-6.31,-6.3,-6.1,-6.7,0.0
dude_998,-7.1,-7.0,-6.6,-8.0,0.0
dude_999,-6.96,-6.8,-6.5,-8.3,0.0
