0,smina_mean,smina_median,smina_max,smina_min,Active
6puw_ligand,-7.61,-7.5,-7.1,-10.1,1.0
active_10,-6.01,-5.9,-5.3,-8.2,1.0
active_11,-6.96,-6.9,-6.2,-9.1,1.0
active_12,-7.52,-7.5,-6.6,-9.6,1.0
active_13,-6.31,-6.2,-5.6,-8.0,1.0
active_14,-6.66,-6.6,-5.9,-8.9,1.0
active_15,-7.29,-7.2,-6.7,-9.7,1.0
active_16,-6.62,-6.5,-5.8,-8.8,1.0
active_17,-6.87,-6.8,-6.3,-9.3,1.0
active_18,-8.05,-7.9,-7.3,-9.6,1.0
active_19,-6.66,-6.6,-5.7,-8.3,1.0
active_2,-8.16,-8.0,-7.7,-10.7,1.0
active_20,-7.77,-7.6,-7.2,-10.2,1.0
active_21,-7.49,-7.4,-6.8,-9.0,1.0
active_22,-7.12,-7.0,-6.5,-9.5,1.0
active_23,-6.13,-6.1,-5.3,-8.0,1.0
active_24,-6.34,-6.3,-5.3,-8.1,1.0
active_25,-5.24,-5.2,-4.5,-7.0,1.0
active_26,-6.76,-6.7,-6.0,-8.6,1.0
active_27,-6.71,-6.7,-6.0,-9.0,1.0
active_28,-7.41,-7.3,-6.7,-9.3,1.0
active_29,-5.87,-5.8,-5.1,-8.1,1.0
active_3,-6.67,-6.6,-5.8,-8.8,1.0
active_30,-6.31,-6.2,-5.4,-8.3,1.0
active_31,-6.53,-6.45,-5.8,-8.7,1.0
active_4,-7.2,-7.1,-6.7,-9.7,1.0
active_5,-6.91,-6.8,-6.1,-9.1,1.0
active_6,-6.21,-6.1,-5.5,-8.4,1.0
active_7,-7.1,-7.0,-6.4,-9.4,1.0
active_8,-6.25,-6.2,-5.3,-8.2,1.0
active_9,-6.14,-6.1,-5.3,-8.2,1.0
dude_1,-6.85,-6.8,-6.2,-8.4,0.0
dude_10,-7.74,-7.7,-7.0,-9.6,0.0
dude_100,-5.92,-5.9,-5.2,-7.8,0.0
dude_1000,-6.08,-6.0,-5.2,-8.2,0.0
dude_1001,-5.32,-5.3,-4.5,-7.5,0.0
dude_1002,-6.16,-6.1,-5.5,-7.8,0.0
dude_1003,-5.09,-5.0,-4.4,-6.7,0.0
dude_1004,-6.04,-6.0,-5.4,-7.4,0.0
dude_1005,-6.1,-6.0,-5.4,-8.0,0.0
dude_1006,-5.36,-5.3,-4.7,-7.0,0.0
dude_1007,-6.02,-6.0,-5.4,-7.4,0.0
dude_1008,-5.49,-5.4,-4.9,-6.7,0.0
dude_1009,-5.4,-5.3,-4.4,-7.4,0.0
dude_101,-6.58,-6.5,-5.9,-8.3,0.0
dude_1010,-4.95,-4.9,-3.8,-6.7,0.0
dude_1011,-6.37,-6.2,-5.9,-8.9,0.0
dude_1012,-5.36,-5.3,-4.3,-7.3,0.0
dude_1013,-5.4,-5.3,-4.7,-7.3,0.0
dude_1014,-5.74,-5.7,-5.0,-7.6,0.0
dude_1015,-5.57,-5.5,-4.7,-7.3,0.0
dude_1016,-5.36,-5.3,-4.6,-6.7,0.0
dude_1017,-6.24,-6.2,-5.6,-7.6,0.0
dude_1018,-6.18,-6.1,-5.5,-7.8,0.0
dude_1019,-6.45,-6.3,-5.7,-8.1,0.0
dude_102,-6.51,-6.4,-5.8,-8.5,0.0
dude_1020,-6.02,-6.0,-5.2,-7.3,0.0
dude_1021,-6.51,-6.5,-5.7,-8.7,0.0
dude_1022,-6.3,-6.3,-5.6,-7.7,0.0
dude_1023,-5.84,-5.8,-5.3,-7.7,0.0
dude_1024,-5.57,-5.5,-4.9,-6.8,0.0
dude_1025,-6.08,-6.0,-5.3,-7.7,0.0
dude_1026,-5.71,-5.6,-5.1,-6.9,0.0
dude_1027,-5.87,-5.8,-5.1,-7.6,0.0
dude_1028,-6.24,-6.1,-5.5,-8.1,0.0
dude_1029,-6.12,-6.1,-5.4,-7.6,0.0
dude_103,-6.07,-6.0,-5.4,-7.7,0.0
dude_1030,-5.31,-5.2,-4.7,-7.1,0.0
dude_1031,-6.11,-6.1,-5.4,-7.6,0.0
dude_1032,-5.81,-5.8,-5.1,-7.1,0.0
dude_1033,-5.38,-5.3,-4.7,-7.1,0.0
dude_1034,-6.31,-6.2,-5.7,-7.8,0.0
dude_1035,-5.42,-5.4,-4.7,-6.8,0.0
dude_1036,-6.28,-6.2,-5.6,-7.7,0.0
dude_1037,-5.92,-5.8,-5.3,-7.8,0.0
dude_1038,-6.29,-6.2,-5.6,-8.3,0.0
dude_1039,-6.24,-6.2,-5.6,-7.9,0.0
dude_104,-6.53,-6.5,-5.9,-7.9,0.0
dude_1040,-5.02,-5.0,-4.4,-6.5,0.0
dude_1041,-6.07,-6.0,-5.4,-7.9,0.0
dude_1042,-6.64,-6.5,-6.1,-9.1,0.0
dude_1043,-6.47,-6.4,-5.6,-7.9,0.0
dude_1044,-6.6,-6.5,-5.9,-8.4,0.0
dude_1045,-5.92,-5.9,-5.2,-7.4,0.0
dude_1046,-5.34,-5.3,-4.7,-6.5,0.0
dude_1047,-5.99,-6.0,-5.3,-8.2,0.0
dude_1048,-7.01,-7.0,-6.4,-8.4,0.0
dude_1049,-5.74,-5.7,-5.1,-8.1,0.0
dude_105,-6.29,-6.2,-5.7,-7.8,0.0
dude_1050,-5.73,-5.7,-5.2,-7.2,0.0
dude_1051,-4.85,-4.8,-4.1,-7.0,0.0
dude_1052,-5.63,-5.6,-5.0,-7.4,0.0
dude_1053,-5.34,-5.3,-4.6,-7.1,0.0
dude_1054,-5.48,-5.4,-4.9,-6.8,0.0
dude_1055,-5.53,-5.5,-4.9,-6.9,0.0
dude_1056,-4.85,-4.8,-4.2,-5.9,0.0
dude_1057,-5.84,-5.8,-5.2,-7.6,0.0
dude_1058,-5.86,-5.7,-5.4,-8.4,0.0
dude_1059,-5.33,-5.3,-4.7,-6.7,0.0
dude_106,-5.05,-5.0,-4.2,-7.1,0.0
dude_1060,-5.38,-5.3,-4.6,-7.2,0.0
dude_1061,-5.32,-5.3,-4.7,-6.7,0.0
dude_1062,-5.57,-5.5,-4.9,-7.4,0.0
dude_1063,-5.69,-5.6,-5.0,-7.4,0.0
dude_1064,-5.14,-5.1,-4.4,-7.0,0.0
dude_1065,-5.17,-5.1,-4.2,-6.8,0.0
dude_1066,-5.16,-5.1,-4.3,-6.8,0.0
dude_1067,-5.27,-5.2,-4.5,-6.8,0.0
dude_1068,-5.54,-5.5,-4.9,-6.8,0.0
dude_1069,-5.02,-5.0,-4.4,-6.3,0.0
dude_107,-7.03,-7.0,-6.2,-8.5,0.0
dude_1070,-5.75,-5.7,-5.0,-7.5,0.0
dude_1071,-5.32,-5.3,-4.8,-6.8,0.0
dude_1072,-5.17,-5.1,-4.5,-7.2,0.0
dude_1073,-5.6,-5.6,-4.9,-7.2,0.0
dude_1074,-4.72,-4.7,-3.9,-6.8,0.0
dude_1075,-4.96,-4.9,-4.2,-7.1,0.0
dude_1076,-4.97,-4.9,-4.3,-6.9,0.0
dude_1077,-5.41,-5.3,-4.7,-7.7,0.0
dude_1078,-5.84,-5.8,-5.1,-7.7,0.0
dude_1079,-5.27,-5.2,-4.5,-7.4,0.0
dude_108,-6.03,-6.0,-5.3,-7.3,0.0
dude_1080,-4.99,-4.9,-4.2,-7.0,0.0
dude_1081,-5.14,-5.1,-4.4,-6.8,0.0
dude_1082,-5.39,-5.3,-4.5,-7.3,0.0
dude_1083,-5.59,-5.5,-5.0,-7.1,0.0
dude_1084,-5.09,-5.0,-4.4,-6.5,0.0
dude_1085,-5.83,-5.8,-5.1,-7.2,0.0
dude_1086,-5.5,-5.5,-4.8,-7.1,0.0
dude_1087,-5.42,-5.4,-4.7,-7.1,0.0
dude_1088,-5.67,-5.6,-5.0,-7.6,0.0
dude_1089,-4.84,-4.8,-4.0,-6.5,0.0
dude_109,-6.41,-6.3,-5.9,-7.8,0.0
dude_1090,-5.26,-5.2,-4.5,-7.0,0.0
dude_1091,-5.2,-5.1,-4.5,-6.8,0.0
dude_1092,-5.81,-5.8,-5.2,-7.4,0.0
dude_1093,-5.07,-5.0,-4.2,-6.8,0.0
dude_1094,-5.68,-5.6,-4.9,-7.3,0.0
dude_1095,-4.88,-4.8,-4.1,-6.5,0.0
dude_1096,-5.16,-5.1,-4.5,-6.4,0.0
dude_1097,-5.32,-5.3,-4.7,-6.7,0.0
dude_1098,-5.49,-5.4,-4.8,-6.8,0.0
dude_1099,-6.05,-6.0,-5.1,-7.7,0.0
dude_11,-6.37,-6.4,-5.4,-8.3,0.0
dude_110,-6.71,-6.6,-6.0,-8.2,0.0
dude_1100,-5.83,-5.8,-5.1,-7.3,0.0
dude_1101,-5.71,-5.6,-5.0,-8.0,0.0
dude_1102,-5.43,-5.4,-4.6,-6.7,0.0
dude_1103,-5.32,-5.2,-4.4,-7.2,0.0
dude_1104,-5.86,-5.7,-5.1,-8.1,0.0
dude_1105,-5.36,-5.3,-4.6,-6.9,0.0
dude_1106,-5.86,-5.8,-5.3,-8.3,0.0
dude_1107,-6.21,-6.1,-5.4,-7.9,0.0
dude_1108,-6.31,-6.2,-5.6,-8.1,0.0
dude_1109,-6.09,-6.0,-5.3,-8.0,0.0
dude_111,-6.71,-6.6,-6.0,-8.3,0.0
dude_1110,-5.18,-5.1,-4.3,-7.0,0.0
dude_1111,-5.59,-5.6,-4.8,-7.5,0.0
dude_1112,-5.04,-5.0,-4.3,-7.0,0.0
dude_1113,-5.84,-5.8,-5.2,-7.5,0.0
dude_1114,-5.92,-5.8,-5.2,-7.7,0.0
dude_1115,-6.48,-6.4,-5.9,-8.1,0.0
dude_1116,-6.57,-6.5,-5.9,-8.2,0.0
dude_1117,-5.75,-5.7,-5.0,-7.8,0.0
dude_1118,-5.9,-5.9,-5.1,-8.1,0.0
dude_1119,-5.32,-5.2,-4.6,-7.5,0.0
dude_112,-5.06,-5.0,-4.3,-7.3,0.0
dude_1120,-6.27,-6.2,-5.6,-8.2,0.0
dude_1121,-6.2,-6.1,-5.4,-7.7,0.0
dude_1122,-6.27,-6.2,-5.5,-7.8,0.0
dude_1123,-6.31,-6.2,-5.6,-8.3,0.0
dude_1124,-5.42,-5.3,-4.7,-7.2,0.0
dude_1125,-5.85,-5.8,-5.0,-8.0,0.0
dude_1126,-5.14,-5.1,-4.5,-6.9,0.0
dude_1127,-6.12,-6.0,-5.3,-7.7,0.0
dude_1128,-5.4,-5.3,-4.5,-7.5,0.0
dude_1129,-6.39,-6.3,-5.8,-8.8,0.0
dude_113,-6.54,-6.5,-5.9,-8.2,0.0
dude_1130,-5.42,-5.4,-4.5,-7.3,0.0
dude_1131,-5.3,-5.2,-4.6,-6.9,0.0
dude_1132,-5.93,-5.9,-5.0,-7.5,0.0
dude_1133,-5.46,-5.4,-4.8,-7.0,0.0
dude_1134,-5.91,-5.8,-5.2,-7.9,0.0
dude_1135,-5.62,-5.6,-4.8,-7.3,0.0
dude_1136,-5.66,-5.5,-4.7,-7.7,0.0
dude_1137,-5.77,-5.7,-5.0,-7.9,0.0
dude_1138,-6.05,-5.9,-5.2,-8.1,0.0
dude_1139,-5.57,-5.5,-5.0,-7.2,0.0
dude_114,-5.58,-5.5,-4.8,-7.5,0.0
dude_1140,-5.95,-5.9,-5.1,-8.1,0.0
dude_1141,-5.71,-5.6,-5.1,-7.5,0.0
dude_1142,-6.2,-6.1,-5.5,-7.8,0.0
dude_1143,-6.31,-6.2,-5.6,-8.0,0.0
dude_1144,-5.89,-5.8,-5.2,-7.5,0.0
dude_1145,-5.42,-5.4,-4.3,-7.2,0.0
dude_1146,-6.02,-6.0,-5.2,-7.7,0.0
dude_1147,-6.01,-6.0,-5.2,-7.3,0.0
dude_1148,-5.91,-5.9,-5.1,-7.3,0.0
dude_1149,-5.51,-5.5,-4.7,-7.0,0.0
dude_115,-6.97,-6.9,-6.2,-9.1,0.0
dude_1150,-6.67,-6.6,-5.9,-8.4,0.0
dude_1151,-6.18,-6.1,-5.5,-7.8,0.0
dude_1152,-5.18,-5.1,-4.3,-7.3,0.0
dude_1153,-5.23,-5.2,-4.4,-6.9,0.0
dude_1154,-5.74,-5.7,-5.0,-7.3,0.0
dude_1155,-5.46,-5.4,-4.7,-7.1,0.0
dude_1156,-5.8,-5.7,-5.0,-8.0,0.0
dude_1157,-4.68,-4.6,-4.0,-5.9,0.0
dude_1158,-5.37,-5.3,-4.6,-7.1,0.0
dude_1159,-5.63,-5.6,-4.8,-7.3,0.0
dude_116,-6.66,-6.6,-5.8,-8.8,0.0
dude_1160,-5.73,-5.7,-4.9,-7.1,0.0
dude_1161,-5.39,-5.3,-4.7,-7.0,0.0
dude_1162,-5.34,-5.3,-4.5,-7.1,0.0
dude_1163,-5.53,-5.5,-4.8,-7.0,0.0
dude_1164,-5.63,-5.6,-4.9,-7.9,0.0
dude_1165,-5.26,-5.2,-4.6,-6.5,0.0
dude_1166,-5.33,-5.3,-4.5,-7.3,0.0
dude_1167,-5.88,-5.8,-5.1,-7.3,0.0
dude_1168,-5.34,-5.3,-4.6,-7.1,0.0
dude_1169,-5.03,-5.0,-4.3,-6.6,0.0
dude_117,-6.29,-6.2,-5.7,-8.5,0.0
dude_1170,-5.49,-5.4,-4.9,-7.9,0.0
dude_1171,-5.42,-5.4,-4.8,-6.8,0.0
dude_1172,-4.93,-4.9,-4.1,-7.0,0.0
dude_1173,-5.15,-5.1,-4.4,-6.7,0.0
dude_1174,-5.39,-5.3,-4.7,-7.2,0.0
dude_1175,-6.1,-6.0,-5.5,-8.5,0.0
dude_1176,-5.22,-5.1,-4.3,-7.2,0.0
dude_1177,-5.68,-5.6,-4.9,-7.3,0.0
dude_1178,-5.07,-5.0,-4.3,-6.5,0.0
dude_1179,-5.83,-5.8,-5.1,-7.7,0.0
dude_118,-6.68,-6.6,-6.1,-8.2,0.0
dude_1180,-5.45,-5.4,-4.6,-7.0,0.0
dude_1181,-5.35,-5.3,-4.5,-7.0,0.0
dude_1182,-5.5,-5.4,-4.9,-7.9,0.0
dude_1183,-5.72,-5.7,-4.9,-7.6,0.0
dude_1184,-5.7,-5.6,-4.9,-7.8,0.0
dude_1185,-5.44,-5.4,-4.8,-6.8,0.0
dude_1186,-5.26,-5.2,-4.5,-6.9,0.0
dude_1187,-5.9,-5.8,-5.2,-7.4,0.0
dude_1188,-6.19,-6.0,-5.6,-8.6,0.0
dude_1189,-4.43,-4.4,-3.7,-6.1,0.0
dude_119,-5.86,-5.7,-5.3,-8.3,0.0
dude_1190,-5.15,-5.1,-4.5,-6.6,0.0
dude_1191,-5.87,-5.8,-5.2,-7.5,0.0
dude_1192,-6.0,-5.9,-5.3,-8.3,0.0
dude_1193,-7.13,-7.1,-6.3,-8.9,0.0
dude_1194,-4.86,-4.8,-4.2,-6.2,0.0
dude_1195,-4.53,-4.5,-3.8,-6.0,0.0
dude_1196,-5.57,-5.5,-4.8,-7.1,0.0
dude_1197,-6.03,-6.0,-5.4,-7.8,0.0
dude_1198,-5.81,-5.7,-5.2,-7.2,0.0
dude_1199,-5.96,-5.9,-5.3,-7.9,0.0
dude_12,-5.68,-5.7,-4.9,-6.9,0.0
dude_120,-6.62,-6.55,-5.9,-8.0,0.0
dude_1200,-5.42,-5.4,-4.6,-6.8,0.0
dude_1201,-5.24,-5.2,-4.4,-7.0,0.0
dude_1202,-5.2,-5.2,-4.3,-6.9,0.0
dude_1203,-4.97,-4.9,-3.9,-6.8,0.0
dude_1204,-5.35,-5.3,-4.6,-7.1,0.0
dude_1205,-5.2,-5.1,-4.4,-7.4,0.0
dude_1206,-5.9,-5.9,-5.1,-7.6,0.0
dude_1207,-5.05,-5.0,-4.4,-6.5,0.0
dude_1208,-5.8,-5.8,-5.1,-7.3,0.0
dude_1209,-6.28,-6.2,-5.5,-8.1,0.0
dude_121,-6.67,-6.6,-6.0,-8.5,0.0
dude_1210,-5.5,-5.4,-4.8,-7.2,0.0
dude_1211,-5.19,-5.1,-4.6,-6.9,0.0
dude_1212,-6.08,-6.0,-5.4,-7.7,0.0
dude_1213,-4.95,-4.9,-4.2,-6.7,0.0
dude_1214,-6.51,-6.4,-6.0,-8.9,0.0
dude_1215,-5.58,-5.5,-4.9,-7.6,0.0
dude_1216,-6.19,-6.1,-5.4,-8.4,0.0
dude_1217,-5.81,-5.8,-5.1,-7.1,0.0
dude_1218,-5.99,-5.95,-5.2,-7.6,0.0
dude_1219,-5.99,-5.9,-5.3,-7.8,0.0
dude_122,-6.93,-6.9,-6.3,-8.6,0.0
dude_1220,-5.95,-5.9,-5.2,-7.5,0.0
dude_1221,-5.54,-5.5,-4.9,-7.1,0.0
dude_1222,-5.93,-5.9,-5.2,-7.4,0.0
dude_1223,-5.81,-5.7,-5.1,-7.3,0.0
dude_1224,-5.62,-5.5,-4.8,-7.8,0.0
dude_1225,-5.55,-5.5,-4.9,-6.9,0.0
dude_1226,-6.04,-6.0,-5.4,-8.0,0.0
dude_1227,-6.12,-6.1,-5.4,-7.7,0.0
dude_1228,-5.72,-5.6,-5.0,-7.8,0.0
dude_1229,-5.5,-5.4,-4.8,-6.8,0.0
dude_123,-6.64,-6.6,-5.9,-8.7,0.0
dude_1230,-5.75,-5.7,-4.9,-7.6,0.0
dude_1231,-5.8,-5.7,-5.2,-7.1,0.0
dude_1232,-6.06,-6.0,-5.5,-7.6,0.0
dude_1233,-5.63,-5.6,-4.9,-7.1,0.0
dude_1234,-5.97,-5.9,-5.0,-7.8,0.0
dude_1235,-5.86,-5.7,-5.2,-8.2,0.0
dude_1236,-6.07,-6.0,-5.2,-7.7,0.0
dude_1237,-4.87,-4.8,-4.2,-6.3,0.0
dude_1238,-5.76,-5.7,-5.2,-7.4,0.0
dude_1239,-5.99,-5.9,-5.2,-8.1,0.0
dude_124,-6.04,-6.1,-5.2,-7.4,0.0
dude_1240,-6.11,-6.1,-5.4,-7.4,0.0
dude_1241,-5.7,-5.6,-5.2,-7.1,0.0
dude_1242,-5.91,-5.8,-5.3,-7.7,0.0
dude_1243,-6.21,-6.1,-5.5,-7.9,0.0
dude_1244,-5.41,-5.3,-4.8,-7.1,0.0
dude_1245,-5.68,-5.6,-5.0,-7.5,0.0
dude_1246,-6.63,-6.6,-5.8,-8.7,0.0
dude_1247,-5.04,-4.9,-4.3,-7.3,0.0
dude_1248,-5.94,-5.9,-5.1,-7.7,0.0
dude_1249,-5.68,-5.6,-4.9,-7.3,0.0
dude_125,-6.69,-6.6,-6.2,-9.2,0.0
dude_1250,-6.01,-5.9,-5.4,-8.0,0.0
dude_1251,-6.58,-6.5,-5.7,-8.7,0.0
dude_1252,-6.86,-6.8,-6.2,-9.0,0.0
dude_1253,-6.0,-5.9,-5.2,-8.2,0.0
dude_1254,-6.88,-6.8,-6.0,-8.7,0.0
dude_1255,-7.56,-7.4,-6.9,-9.9,0.0
dude_1256,-8.06,-7.9,-7.3,-10.3,0.0
dude_1257,-5.43,-5.3,-4.5,-7.4,0.0
dude_1258,-6.42,-6.3,-5.8,-8.8,0.0
dude_1259,-6.55,-6.4,-5.6,-8.6,0.0
dude_126,-6.15,-6.1,-5.6,-7.5,0.0
dude_1260,-6.97,-6.9,-6.0,-8.8,0.0
dude_1261,-6.98,-6.9,-6.2,-9.2,0.0
dude_1262,-7.26,-7.2,-6.6,-8.7,0.0
dude_1263,-7.37,-7.3,-6.5,-9.3,0.0
dude_1264,-7.52,-7.4,-6.6,-9.5,0.0
dude_1265,-6.57,-6.5,-5.6,-8.5,0.0
dude_1266,-6.91,-6.8,-6.1,-9.0,0.0
dude_1267,-6.1,-6.1,-5.0,-8.0,0.0
dude_1268,-6.89,-6.8,-5.9,-8.9,0.0
dude_1269,-7.01,-6.8,-6.3,-9.3,0.0
dude_127,-6.97,-6.9,-6.3,-8.9,0.0
dude_1270,-7.21,-7.1,-6.4,-9.0,0.0
dude_1271,-7.26,-7.2,-6.5,-9.4,0.0
dude_1272,-7.3,-7.2,-6.6,-8.9,0.0
dude_1273,-5.89,-5.8,-5.2,-7.8,0.0
dude_1274,-6.57,-6.6,-5.7,-7.9,0.0
dude_1275,-7.63,-7.6,-6.6,-9.6,0.0
dude_1276,-7.52,-7.4,-6.8,-9.5,0.0
dude_1277,-7.07,-7.0,-6.3,-9.3,0.0
dude_1278,-6.35,-6.3,-5.7,-7.9,0.0
dude_1279,-7.47,-7.4,-6.6,-9.4,0.0
dude_128,-6.78,-6.7,-6.0,-8.9,0.0
dude_1280,-7.27,-7.2,-6.7,-8.7,0.0
dude_1281,-6.98,-7.0,-5.9,-8.8,0.0
dude_1282,-6.12,-6.0,-5.3,-8.0,0.0
dude_1283,-7.21,-7.1,-6.5,-9.3,0.0
dude_1284,-7.08,-7.0,-6.5,-8.8,0.0
dude_1285,-6.92,-6.9,-6.2,-8.7,0.0
dude_1286,-6.84,-6.8,-6.2,-8.4,0.0
dude_1287,-6.4,-6.4,-5.3,-7.4,0.0
dude_1288,-7.37,-7.3,-6.6,-9.4,0.0
dude_1289,-7.13,-7.0,-6.4,-9.2,0.0
dude_129,-6.58,-6.55,-5.6,-8.6,0.0
dude_1290,-7.7,-7.6,-7.0,-9.1,0.0
dude_1291,-6.71,-6.7,-6.0,-8.3,0.0
dude_1292,-6.62,-6.55,-5.9,-8.5,0.0
dude_1293,-7.05,-7.0,-6.3,-8.7,0.0
dude_1294,-6.69,-6.6,-6.0,-9.0,0.0
dude_1295,-6.73,-6.6,-6.0,-8.9,0.0
dude_1296,-6.22,-6.1,-5.7,-8.7,0.0
dude_1297,-6.6,-6.5,-5.9,-8.3,0.0
dude_1298,-7.51,-7.4,-6.8,-9.5,0.0
dude_1299,-6.68,-6.6,-6.0,-8.3,0.0
dude_13,-6.45,-6.3,-5.7,-8.7,0.0
dude_130,-6.18,-6.1,-5.4,-7.6,0.0
dude_1300,-5.85,-5.75,-5.0,-7.9,0.0
dude_1301,-6.15,-6.1,-5.4,-7.8,0.0
dude_1302,-7.26,-7.2,-6.4,-9.4,0.0
dude_1303,-6.71,-6.6,-6.0,-8.2,0.0
dude_1304,-6.41,-6.3,-5.8,-7.8,0.0
dude_1305,-5.89,-5.9,-4.9,-7.7,0.0
dude_1306,-6.56,-6.5,-6.0,-8.0,0.0
dude_1307,-5.28,-5.2,-4.3,-7.3,0.0
dude_1308,-6.31,-6.3,-5.6,-7.7,0.0
dude_1309,-6.85,-6.8,-6.2,-8.9,0.0
dude_131,-6.14,-6.1,-5.5,-7.5,0.0
dude_1310,-5.87,-5.8,-5.2,-7.5,0.0
dude_1311,-6.2,-6.2,-5.4,-8.2,0.0
dude_1312,-7.55,-7.5,-6.8,-9.6,0.0
dude_1313,-6.0,-5.9,-5.2,-7.8,0.0
dude_1314,-6.65,-6.6,-6.0,-8.2,0.0
dude_1315,-5.87,-5.8,-5.0,-8.0,0.0
dude_1316,-6.02,-6.0,-5.3,-7.4,0.0
dude_1317,-7.38,-7.3,-6.7,-9.1,0.0
dude_1318,-7.37,-7.3,-6.7,-9.4,0.0
dude_1319,-6.73,-6.7,-6.0,-8.6,0.0
dude_132,-6.59,-6.5,-6.1,-8.1,0.0
dude_1320,-6.75,-6.7,-6.0,-8.3,0.0
dude_1321,-6.85,-6.8,-6.3,-8.9,0.0
dude_1322,-6.8,-6.7,-6.0,-9.0,0.0
dude_1323,-6.98,-6.9,-6.3,-8.8,0.0
dude_1324,-6.22,-6.1,-5.6,-8.0,0.0
dude_1325,-7.25,-7.2,-6.5,-8.9,0.0
dude_1326,-7.41,-7.3,-6.6,-9.6,0.0
dude_1327,-7.09,-7.0,-6.4,-8.4,0.0
dude_1328,-5.74,-5.7,-5.2,-6.9,0.0
dude_1329,-6.21,-6.1,-5.6,-7.7,0.0
dude_133,-6.46,-6.4,-5.7,-8.0,0.0
dude_1330,-6.34,-6.3,-5.8,-8.3,0.0
dude_1331,-6.07,-6.0,-5.3,-7.9,0.0
dude_1332,-6.14,-6.1,-5.6,-7.7,0.0
dude_1333,-6.6,-6.5,-6.0,-8.8,0.0
dude_1334,-6.3,-6.2,-5.7,-8.1,0.0
dude_1335,-6.3,-6.2,-5.7,-7.8,0.0
dude_1336,-7.64,-7.6,-6.9,-9.3,0.0
dude_1337,-6.87,-6.7,-6.0,-9.0,0.0
dude_1338,-6.5,-6.4,-5.9,-8.0,0.0
dude_1339,-6.55,-6.5,-5.9,-7.8,0.0
dude_134,-5.89,-5.9,-5.1,-7.6,0.0
dude_1340,-6.6,-6.5,-5.9,-8.6,0.0
dude_1341,-6.35,-6.3,-5.7,-7.8,0.0
dude_1342,-6.64,-6.5,-5.8,-8.8,0.0
dude_1343,-5.84,-5.8,-5.1,-7.3,0.0
dude_1344,-6.96,-6.9,-6.4,-8.5,0.0
dude_1345,-6.8,-6.7,-6.1,-8.4,0.0
dude_1346,-6.16,-6.1,-5.5,-7.7,0.0
dude_1347,-6.13,-6.1,-5.4,-7.7,0.0
dude_1348,-6.83,-6.7,-6.2,-8.7,0.0
dude_1349,-6.21,-6.1,-5.6,-7.7,0.0
dude_135,-6.57,-6.5,-5.8,-8.7,0.0
dude_1350,-5.91,-5.85,-5.1,-7.8,0.0
dude_1351,-7.19,-7.1,-6.5,-9.2,0.0
dude_1352,-6.76,-6.7,-6.1,-8.2,0.0
dude_1353,-6.99,-6.9,-6.3,-9.3,0.0
dude_1354,-6.86,-6.7,-6.2,-8.9,0.0
dude_1355,-6.57,-6.5,-5.9,-8.4,0.0
dude_1356,-6.38,-6.3,-5.6,-8.6,0.0
dude_1357,-7.28,-7.2,-6.6,-8.9,0.0
dude_1358,-7.23,-7.2,-6.4,-9.0,0.0
dude_1359,-7.31,-7.2,-6.6,-9.2,0.0
dude_136,-5.86,-5.8,-5.2,-7.6,0.0
dude_1360,-6.84,-6.8,-6.3,-8.8,0.0
dude_1361,-6.75,-6.7,-6.1,-8.3,0.0
dude_1362,-6.8,-6.7,-6.2,-8.3,0.0
dude_1363,-5.71,-5.6,-5.1,-7.2,0.0
dude_1364,-6.87,-6.8,-6.3,-8.5,0.0
dude_1365,-6.47,-6.4,-5.6,-8.6,0.0
dude_1366,-6.03,-5.9,-5.4,-7.4,0.0
dude_1367,-7.61,-7.6,-6.9,-9.1,0.0
dude_1368,-6.54,-6.5,-5.9,-8.6,0.0
dude_1369,-6.59,-6.5,-5.9,-8.0,0.0
dude_137,-6.01,-5.95,-5.5,-7.3,0.0
dude_1370,-7.02,-6.9,-6.2,-8.9,0.0
dude_1371,-6.55,-6.5,-6.0,-8.3,0.0
dude_1372,-5.55,-5.5,-4.7,-7.1,0.0
dude_1373,-6.61,-6.5,-6.0,-8.0,0.0
dude_1374,-6.85,-6.8,-6.3,-8.4,0.0
dude_1375,-6.59,-6.5,-5.9,-8.4,0.0
dude_1376,-7.08,-7.0,-6.5,-8.5,0.0
dude_1377,-6.11,-6.0,-5.3,-7.8,0.0
dude_1378,-6.94,-6.9,-6.4,-8.5,0.0
dude_1379,-6.12,-6.0,-5.4,-8.1,0.0
dude_138,-6.34,-6.3,-5.6,-8.1,0.0
dude_1380,-6.79,-6.7,-6.1,-8.6,0.0
dude_1381,-7.01,-6.9,-6.2,-8.8,0.0
dude_1382,-6.77,-6.7,-6.2,-8.1,0.0
dude_1383,-6.01,-5.9,-5.4,-7.7,0.0
dude_1384,-7.18,-7.1,-6.6,-8.6,0.0
dude_1385,-6.67,-6.6,-6.1,-8.0,0.0
dude_1386,-6.57,-6.5,-5.9,-8.0,0.0
dude_1387,-6.22,-6.1,-5.5,-8.5,0.0
dude_1388,-5.16,-5.0,-4.3,-7.3,0.0
dude_1389,-6.88,-6.8,-6.3,-8.2,0.0
dude_139,-6.4,-6.3,-5.7,-8.7,0.0
dude_1390,-6.81,-6.7,-6.1,-8.2,0.0
dude_1391,-6.33,-6.25,-5.7,-7.7,0.0
dude_1392,-6.04,-5.9,-5.4,-8.0,0.0
dude_1393,-6.75,-6.7,-6.2,-8.3,0.0
dude_1394,-5.71,-5.6,-5.1,-7.4,0.0
dude_1395,-6.66,-6.6,-6.1,-8.0,0.0
dude_1396,-6.25,-6.2,-5.6,-7.6,0.0
dude_1397,-6.49,-6.4,-5.8,-8.1,0.0
dude_1398,-6.28,-6.2,-5.8,-7.6,0.0
dude_1399,-6.5,-6.4,-5.8,-8.3,0.0
dude_14,-6.15,-6.0,-5.4,-7.9,0.0
dude_140,-6.58,-6.5,-5.9,-8.8,0.0
dude_1400,-6.06,-5.9,-5.4,-7.9,0.0
dude_1401,-6.98,-6.9,-6.2,-8.7,0.0
dude_1402,-6.34,-6.3,-5.6,-7.9,0.0
dude_1403,-6.2,-6.1,-5.4,-8.1,0.0
dude_1404,-6.9,-6.8,-6.3,-8.3,0.0
dude_1405,-6.98,-6.9,-6.2,-8.9,0.0
dude_1406,-7.13,-7.0,-6.5,-9.5,0.0
dude_1407,-6.17,-6.1,-5.4,-7.8,0.0
dude_1408,-6.72,-6.7,-6.1,-7.9,0.0
dude_1409,-7.85,-7.8,-7.1,-9.4,0.0
dude_141,-6.24,-6.2,-5.5,-8.0,0.0
dude_1410,-6.79,-6.7,-6.1,-8.5,0.0
dude_1411,-7.29,-7.2,-6.8,-9.8,0.0
dude_1412,-7.04,-6.9,-6.3,-8.7,0.0
dude_1413,-7.64,-7.6,-6.9,-9.4,0.0
dude_1414,-7.21,-7.1,-6.5,-9.5,0.0
dude_1415,-6.62,-6.6,-5.7,-8.4,0.0
dude_1416,-6.49,-6.4,-5.8,-8.3,0.0
dude_1417,-6.51,-6.4,-5.7,-8.5,0.0
dude_1418,-6.51,-6.4,-5.9,-7.9,0.0
dude_1419,-6.88,-6.8,-6.1,-8.6,0.0
dude_142,-6.39,-6.3,-5.8,-8.1,0.0
dude_1420,-7.13,-7.1,-6.5,-8.5,0.0
dude_1421,-6.22,-6.2,-5.5,-7.9,0.0
dude_1422,-7.69,-7.6,-7.0,-9.5,0.0
dude_1423,-7.59,-7.5,-6.9,-9.6,0.0
dude_1424,-6.87,-6.8,-6.2,-8.5,0.0
dude_1425,-6.37,-6.3,-5.8,-7.6,0.0
dude_1426,-7.36,-7.3,-6.5,-9.5,0.0
dude_1427,-7.26,-7.2,-6.3,-9.1,0.0
dude_1428,-7.88,-7.8,-7.0,-10.0,0.0
dude_1429,-7.01,-6.9,-6.3,-8.7,0.0
dude_143,-6.26,-6.2,-5.7,-7.9,0.0
dude_1430,-6.73,-6.7,-6.0,-8.1,0.0
dude_1431,-6.72,-6.6,-6.0,-8.4,0.0
dude_1432,-7.06,-7.0,-6.2,-9.1,0.0
dude_1433,-6.89,-6.8,-6.1,-8.9,0.0
dude_1434,-7.68,-7.6,-6.9,-9.9,0.0
dude_1435,-6.09,-6.0,-5.2,-8.2,0.0
dude_1436,-7.05,-6.9,-6.3,-8.9,0.0
dude_1437,-6.61,-6.5,-6.0,-9.0,0.0
dude_1438,-6.88,-6.8,-6.2,-8.7,0.0
dude_1439,-6.88,-6.8,-6.3,-8.3,0.0
dude_144,-6.44,-6.4,-5.7,-8.6,0.0
dude_1440,-6.45,-6.4,-5.7,-8.1,0.0
dude_1441,-6.78,-6.7,-6.1,-9.1,0.0
dude_1442,-6.61,-6.5,-5.9,-8.4,0.0
dude_1443,-7.23,-7.2,-6.5,-8.8,0.0
dude_1444,-5.95,-5.9,-5.4,-7.5,0.0
dude_1445,-6.1,-6.0,-5.2,-8.2,0.0
dude_1446,-6.23,-6.2,-5.4,-8.4,0.0
dude_1447,-6.38,-6.3,-5.7,-7.8,0.0
dude_1448,-6.92,-6.9,-6.2,-8.6,0.0
dude_1449,-6.86,-6.8,-6.2,-8.8,0.0
dude_145,-6.12,-6.1,-5.5,-7.5,0.0
dude_1450,-7.25,-7.1,-6.5,-9.5,0.0
dude_1451,-6.03,-6.0,-5.5,-7.3,0.0
dude_1452,-6.91,-6.9,-6.4,-8.0,0.0
dude_1453,-6.66,-6.6,-5.9,-8.0,0.0
dude_1454,-6.51,-6.4,-5.8,-8.2,0.0
dude_1455,-6.28,-6.2,-5.7,-7.8,0.0
dude_1456,-8.26,-8.2,-7.7,-9.6,0.0
dude_1457,-6.41,-6.3,-5.9,-8.0,0.0
dude_1458,-6.97,-6.9,-6.3,-8.5,0.0
dude_1459,-6.51,-6.5,-5.7,-7.8,0.0
dude_146,-5.91,-5.9,-5.3,-7.4,0.0
dude_1460,-7.63,-7.5,-7.0,-9.3,0.0
dude_1461,-7.22,-7.1,-6.5,-8.9,0.0
dude_1462,-8.2,-8.1,-7.6,-9.9,0.0
dude_1463,-4.97,-4.9,-4.4,-6.3,0.0
dude_1464,-6.07,-6.0,-5.3,-7.9,0.0
dude_1465,-7.26,-7.2,-6.6,-8.6,0.0
dude_1466,-7.71,-7.7,-7.1,-9.3,0.0
dude_1467,-4.86,-4.8,-3.7,-6.7,0.0
dude_1468,-7.22,-7.1,-6.6,-8.5,0.0
dude_1469,-8.28,-8.2,-7.7,-9.7,0.0
dude_147,-7.05,-7.0,-6.4,-9.0,0.0
dude_1470,-6.68,-6.6,-6.0,-8.0,0.0
dude_1471,-8.85,-8.7,-8.2,-10.8,0.0
dude_1472,-6.59,-6.5,-6.1,-8.0,0.0
dude_1473,-7.5,-7.4,-6.9,-9.1,0.0
dude_1474,-7.02,-7.0,-6.4,-9.0,0.0
dude_1475,-6.5,-6.4,-5.9,-8.1,0.0
dude_1476,-7.89,-7.8,-7.3,-9.5,0.0
dude_1477,-6.95,-6.9,-6.3,-8.8,0.0
dude_1478,-6.26,-6.2,-5.8,-7.6,0.0
dude_1479,-7.46,-7.4,-6.9,-9.1,0.0
dude_148,-6.89,-6.8,-6.2,-8.9,0.0
dude_1480,-7.55,-7.5,-6.9,-9.0,0.0
dude_1481,-7.64,-7.5,-7.0,-9.6,0.0
dude_1482,-7.45,-7.4,-6.9,-8.7,0.0
dude_1483,-7.4,-7.3,-6.7,-9.2,0.0
dude_1484,-6.67,-6.6,-6.1,-8.2,0.0
dude_1485,-7.04,-7.0,-6.5,-8.5,0.0
dude_1486,-7.09,-7.0,-6.0,-8.7,0.0
dude_1487,-8.11,-8.0,-7.5,-9.9,0.0
dude_1488,-6.72,-6.6,-6.0,-8.4,0.0
dude_1489,-7.26,-7.2,-6.7,-8.7,0.0
dude_149,-6.69,-6.6,-6.2,-7.9,0.0
dude_1490,-7.16,-7.1,-6.5,-8.7,0.0
dude_1491,-6.6,-6.5,-6.0,-8.5,0.0
dude_1492,-6.8,-6.7,-6.2,-8.2,0.0
dude_1493,-7.16,-7.1,-6.3,-8.7,0.0
dude_1494,-7.06,-7.0,-6.5,-8.6,0.0
dude_1495,-6.63,-6.6,-6.0,-8.1,0.0
dude_1496,-6.48,-6.4,-5.8,-8.2,0.0
dude_1497,-7.62,-7.5,-7.0,-9.1,0.0
dude_1498,-7.05,-7.0,-6.4,-9.0,0.0
dude_1499,-6.99,-6.9,-6.2,-8.7,0.0
dude_15,-6.44,-6.4,-5.6,-8.6,0.0
dude_150,-6.69,-6.6,-6.0,-8.0,0.0
dude_1500,-6.65,-6.5,-6.0,-9.0,0.0
dude_1501,-7.56,-7.5,-6.8,-9.8,0.0
dude_1502,-6.32,-6.3,-5.7,-7.8,0.0
dude_1503,-6.53,-6.4,-5.8,-8.6,0.0
dude_1504,-6.2,-6.1,-5.4,-7.8,0.0
dude_1505,-5.64,-5.6,-4.7,-7.7,0.0
dude_1506,-6.95,-6.9,-6.2,-8.5,0.0
dude_1507,-6.74,-6.7,-6.0,-8.6,0.0
dude_1508,-6.09,-6.0,-5.2,-7.7,0.0
dude_1509,-7.33,-7.2,-6.7,-9.7,0.0
dude_151,-5.91,-5.9,-5.2,-7.3,0.0
dude_1510,-6.36,-6.3,-5.6,-8.0,0.0
dude_1511,-6.7,-6.6,-5.9,-8.8,0.0
dude_1512,-7.58,-7.5,-6.9,-9.3,0.0
dude_1513,-5.93,-5.8,-5.2,-7.1,0.0
dude_1514,-6.54,-6.5,-5.8,-7.9,0.0
dude_1515,-6.44,-6.4,-5.9,-7.6,0.0
dude_1516,-6.96,-6.9,-6.3,-8.4,0.0
dude_1517,-6.48,-6.4,-5.6,-8.5,0.0
dude_1518,-6.15,-6.1,-5.3,-7.7,0.0
dude_1519,-6.39,-6.3,-5.6,-8.6,0.0
dude_152,-5.12,-5.0,-4.3,-7.2,0.0
dude_1520,-5.97,-5.9,-5.3,-7.3,0.0
dude_1521,-6.24,-6.1,-5.5,-8.3,0.0
dude_1522,-6.96,-6.9,-6.2,-8.5,0.0
dude_1523,-7.23,-7.2,-6.4,-9.0,0.0
dude_1524,-6.7,-6.7,-6.0,-8.4,0.0
dude_1525,-6.27,-6.2,-5.6,-8.2,0.0
dude_1526,-6.76,-6.8,-5.7,-8.6,0.0
dude_1527,-7.06,-7.0,-6.4,-8.5,0.0
dude_1528,-6.5,-6.4,-5.6,-8.6,0.0
dude_1529,-6.39,-6.3,-5.7,-8.0,0.0
dude_153,-6.12,-6.1,-5.3,-7.5,0.0
dude_1530,-7.01,-6.9,-6.4,-9.4,0.0
dude_1531,-6.54,-6.5,-5.8,-8.3,0.0
dude_1532,-5.6,-5.5,-4.9,-7.1,0.0
dude_1533,-6.23,-6.2,-5.6,-8.1,0.0
dude_1534,-6.2,-6.1,-5.4,-8.2,0.0
dude_1535,-6.4,-6.3,-5.6,-8.6,0.0
dude_1536,-5.82,-5.8,-4.9,-7.7,0.0
dude_1537,-7.78,-7.7,-7.0,-9.5,0.0
dude_1538,-7.59,-7.5,-6.8,-9.3,0.0
dude_1539,-5.16,-5.1,-4.4,-7.0,0.0
dude_154,-4.92,-4.9,-4.2,-6.7,0.0
dude_1540,-5.92,-5.9,-5.2,-7.7,0.0
dude_1541,-6.4,-6.3,-5.7,-8.0,0.0
dude_1542,-6.44,-6.4,-5.7,-8.1,0.0
dude_1543,-6.53,-6.4,-5.9,-8.9,0.0
dude_1544,-6.88,-6.8,-6.4,-9.4,0.0
dude_1545,-5.69,-5.6,-4.9,-7.3,0.0
dude_1546,-7.1,-7.0,-6.4,-9.4,0.0
dude_1547,-7.01,-6.9,-6.4,-8.8,0.0
dude_1548,-7.05,-6.9,-6.2,-9.2,0.0
dude_1549,-6.34,-6.3,-5.5,-8.2,0.0
dude_155,-6.11,-6.0,-5.5,-7.7,0.0
dude_1550,-5.97,-5.9,-5.2,-8.2,0.0
dude_156,-5.21,-5.2,-4.2,-6.8,0.0
dude_157,-5.85,-5.8,-5.0,-7.6,0.0
dude_158,-5.69,-5.7,-4.9,-6.8,0.0
dude_159,-5.5,-5.4,-4.8,-7.0,0.0
dude_16,-5.8,-5.7,-4.9,-7.9,0.0
dude_160,-5.84,-5.8,-5.1,-7.3,0.0
dude_161,-5.94,-5.9,-5.1,-8.1,0.0
dude_162,-6.11,-6.1,-5.3,-7.7,0.0
dude_163,-5.99,-5.9,-5.3,-7.5,0.0
dude_164,-5.61,-5.5,-4.8,-7.3,0.0
dude_165,-5.39,-5.4,-4.7,-6.5,0.0
dude_166,-5.26,-5.2,-4.5,-7.0,0.0
dude_167,-5.68,-5.6,-4.9,-7.4,0.0
dude_168,-6.11,-6.0,-5.4,-8.4,0.0
dude_169,-5.55,-5.5,-4.8,-7.5,0.0
dude_17,-7.09,-7.0,-6.4,-8.3,0.0
dude_170,-5.38,-5.3,-4.6,-7.6,0.0
dude_171,-5.85,-5.8,-5.2,-8.0,0.0
dude_172,-5.3,-5.3,-4.5,-6.6,0.0
dude_173,-6.13,-6.1,-5.4,-7.8,0.0
dude_174,-6.21,-6.2,-5.4,-7.6,0.0
dude_175,-5.1,-5.0,-4.6,-6.6,0.0
dude_176,-5.01,-5.0,-4.3,-6.2,0.0
dude_177,-5.9,-5.8,-5.3,-7.2,0.0
dude_178,-6.03,-6.0,-5.2,-7.9,0.0
dude_179,-6.38,-6.3,-5.6,-8.3,0.0
dude_18,-6.03,-6.0,-5.3,-7.7,0.0
dude_180,-6.19,-6.1,-5.4,-8.4,0.0
dude_181,-5.9,-5.8,-5.3,-7.6,0.0
dude_182,-6.11,-6.0,-5.4,-8.1,0.0
dude_183,-6.25,-6.2,-5.5,-7.7,0.0
dude_184,-6.05,-6.0,-5.5,-7.5,0.0
dude_185,-6.07,-6.0,-5.3,-7.9,0.0
dude_186,-6.37,-6.3,-5.7,-8.3,0.0
dude_187,-5.08,-5.0,-4.3,-6.8,0.0
dude_188,-5.69,-5.6,-4.9,-7.7,0.0
dude_189,-6.09,-6.0,-5.4,-7.6,0.0
dude_19,-5.11,-5.0,-4.3,-7.3,0.0
dude_190,-5.91,-5.9,-5.3,-7.2,0.0
dude_191,-5.52,-5.5,-4.8,-7.3,0.0
dude_192,-6.27,-6.2,-5.5,-8.1,0.0
dude_193,-5.53,-5.5,-4.9,-6.9,0.0
dude_194,-5.62,-5.6,-5.0,-7.2,0.0
dude_195,-5.52,-5.5,-4.8,-6.9,0.0
dude_196,-5.24,-5.2,-4.5,-6.6,0.0
dude_197,-5.98,-5.9,-5.2,-7.7,0.0
dude_198,-5.58,-5.5,-4.8,-7.5,0.0
dude_199,-5.45,-5.4,-4.8,-7.0,0.0
dude_2,-6.91,-6.8,-6.2,-8.6,0.0
dude_20,-6.9,-6.8,-6.2,-8.6,0.0
dude_200,-5.86,-5.8,-5.1,-8.0,0.0
dude_201,-5.59,-5.5,-4.8,-7.8,0.0
dude_202,-5.42,-5.4,-4.7,-7.6,0.0
dude_203,-6.0,-5.9,-5.4,-7.6,0.0
dude_204,-5.81,-5.8,-5.1,-7.6,0.0
dude_205,-5.26,-5.2,-4.4,-7.4,0.0
dude_206,-6.37,-6.3,-5.7,-8.0,0.0
dude_207,-5.58,-5.5,-4.9,-6.8,0.0
dude_208,-6.32,-6.3,-5.5,-8.0,0.0
dude_209,-5.95,-5.9,-5.0,-7.7,0.0
dude_21,-5.6,-5.5,-4.7,-7.7,0.0
dude_210,-5.92,-5.8,-5.3,-8.3,0.0
dude_211,-5.72,-5.7,-4.9,-7.3,0.0
dude_212,-5.6,-5.6,-4.7,-7.4,0.0
dude_213,-5.88,-5.8,-5.2,-7.4,0.0
dude_214,-6.51,-6.5,-5.8,-7.8,0.0
dude_215,-6.51,-6.5,-5.7,-8.6,0.0
dude_216,-5.43,-5.3,-4.8,-7.3,0.0
dude_217,-5.3,-5.3,-4.5,-7.1,0.0
dude_218,-6.54,-6.5,-5.9,-8.2,0.0
dude_219,-6.02,-5.9,-5.4,-7.7,0.0
dude_22,-5.29,-5.2,-4.7,-6.9,0.0
dude_220,-5.97,-5.9,-5.1,-8.0,0.0
dude_221,-5.52,-5.4,-4.8,-7.3,0.0
dude_222,-6.19,-6.2,-5.4,-7.7,0.0
dude_223,-5.32,-5.2,-4.7,-6.9,0.0
dude_224,-6.52,-6.5,-5.8,-8.2,0.0
dude_225,-6.48,-6.4,-5.6,-8.5,0.0
dude_226,-5.21,-5.2,-4.4,-6.5,0.0
dude_227,-6.38,-6.3,-5.6,-8.2,0.0
dude_228,-5.76,-5.7,-5.1,-7.3,0.0
dude_229,-6.97,-6.8,-6.3,-9.3,0.0
dude_23,-6.32,-6.2,-5.6,-8.3,0.0
dude_230,-6.16,-6.1,-5.4,-8.3,0.0
dude_231,-6.01,-5.9,-5.2,-7.6,0.0
dude_232,-6.34,-6.2,-5.7,-8.6,0.0
dude_233,-5.91,-5.9,-5.2,-7.2,0.0
dude_234,-5.8,-5.7,-5.1,-7.7,0.0
dude_235,-5.84,-5.8,-5.1,-7.3,0.0
dude_236,-7.0,-6.9,-6.2,-9.1,0.0
dude_237,-5.82,-5.8,-5.2,-7.2,0.0
dude_238,-5.46,-5.4,-4.6,-7.0,0.0
dude_239,-5.66,-5.6,-4.9,-7.3,0.0
dude_24,-7.17,-7.1,-6.3,-9.1,0.0
dude_240,-6.43,-6.4,-5.7,-8.6,0.0
dude_241,-5.59,-5.5,-4.8,-7.2,0.0
dude_242,-6.4,-6.25,-5.5,-8.5,0.0
dude_243,-5.61,-5.5,-5.0,-6.9,0.0
dude_244,-6.25,-6.1,-5.7,-8.7,0.0
dude_245,-5.59,-5.6,-4.5,-7.5,0.0
dude_246,-5.61,-5.6,-5.2,-7.2,0.0
dude_247,-5.33,-5.3,-4.7,-7.0,0.0
dude_248,-5.84,-5.7,-5.0,-7.9,0.0
dude_249,-6.68,-6.6,-6.0,-8.4,0.0
dude_25,-6.78,-6.7,-6.1,-8.1,0.0
dude_250,-6.92,-6.8,-6.4,-9.4,0.0
dude_251,-6.4,-6.3,-5.6,-8.2,0.0
dude_252,-5.73,-5.7,-5.0,-7.4,0.0
dude_253,-6.27,-6.2,-5.5,-7.7,0.0
dude_254,-6.33,-6.2,-5.6,-8.3,0.0
dude_255,-6.95,-6.9,-6.2,-9.0,0.0
dude_256,-6.57,-6.5,-5.9,-8.9,0.0
dude_257,-6.0,-5.9,-5.3,-7.8,0.0
dude_258,-5.81,-5.8,-5.0,-8.0,0.0
dude_259,-6.74,-6.6,-6.2,-9.2,0.0
dude_26,-5.55,-5.5,-4.7,-7.7,0.0
dude_260,-5.28,-5.2,-4.4,-7.3,0.0
dude_261,-7.03,-6.9,-6.3,-8.7,0.0
dude_262,-6.16,-6.1,-5.5,-7.9,0.0
dude_263,-5.57,-5.5,-4.8,-7.0,0.0
dude_264,-6.23,-6.2,-5.5,-8.5,0.0
dude_265,-6.85,-6.8,-6.1,-8.8,0.0
dude_266,-6.44,-6.4,-5.5,-8.4,0.0
dude_267,-6.02,-6.0,-5.4,-8.4,0.0
dude_268,-6.06,-6.0,-5.3,-7.6,0.0
dude_269,-5.06,-5.0,-4.2,-6.8,0.0
dude_27,-5.83,-5.8,-5.0,-7.8,0.0
dude_270,-7.42,-7.4,-6.6,-9.6,0.0
dude_271,-6.58,-6.5,-5.8,-8.8,0.0
dude_272,-6.24,-6.2,-5.4,-7.7,0.0
dude_273,-5.89,-5.8,-5.0,-7.6,0.0
dude_274,-6.61,-6.5,-6.0,-8.3,0.0
dude_275,-5.89,-5.8,-5.1,-7.8,0.0
dude_276,-6.32,-6.2,-5.7,-8.7,0.0
dude_277,-6.17,-6.1,-5.6,-7.9,0.0
dude_278,-5.67,-5.6,-5.1,-7.2,0.0
dude_279,-5.77,-5.7,-5.1,-7.2,0.0
dude_28,-6.05,-6.0,-5.2,-7.8,0.0
dude_280,-6.37,-6.3,-5.6,-8.0,0.0
dude_281,-6.77,-6.7,-6.1,-8.4,0.0
dude_282,-6.25,-6.2,-5.5,-8.2,0.0
dude_283,-6.71,-6.7,-5.8,-8.6,0.0
dude_284,-5.88,-5.8,-5.3,-7.5,0.0
dude_285,-6.7,-6.5,-6.0,-9.0,0.0
dude_286,-6.89,-6.8,-6.1,-8.6,0.0
dude_287,-5.79,-5.8,-4.9,-7.2,0.0
dude_288,-6.56,-6.5,-5.8,-8.0,0.0
dude_289,-6.95,-6.9,-6.1,-8.9,0.0
dude_29,-6.79,-6.7,-6.1,-8.1,0.0
dude_290,-5.53,-5.5,-4.8,-6.7,0.0
dude_291,-6.79,-6.7,-6.0,-8.4,0.0
dude_292,-7.41,-7.3,-6.6,-9.3,0.0
dude_293,-6.18,-6.1,-5.5,-7.6,0.0
dude_294,-6.93,-6.8,-6.1,-8.6,0.0
dude_295,-6.59,-6.5,-5.8,-8.8,0.0
dude_296,-5.58,-5.5,-4.8,-7.1,0.0
dude_297,-6.53,-6.5,-5.8,-8.6,0.0
dude_298,-6.18,-6.1,-5.4,-7.9,0.0
dude_299,-7.25,-7.1,-6.6,-9.6,0.0
dude_3,-5.62,-5.6,-4.6,-7.6,0.0
dude_30,-5.63,-5.6,-4.9,-7.0,0.0
dude_300,-6.57,-6.5,-5.5,-8.5,0.0
dude_301,-5.82,-5.8,-5.1,-7.3,0.0
dude_302,-5.92,-5.9,-5.2,-7.9,0.0
dude_303,-5.18,-5.1,-4.3,-6.9,0.0
dude_304,-5.86,-5.8,-5.1,-7.2,0.0
dude_305,-6.51,-6.5,-5.7,-8.5,0.0
dude_306,-6.38,-6.3,-5.4,-8.3,0.0
dude_307,-6.35,-6.3,-5.5,-8.2,0.0
dude_308,-6.6,-6.5,-5.8,-8.4,0.0
dude_309,-5.73,-5.7,-5.0,-7.9,0.0
dude_31,-6.29,-6.3,-5.3,-8.2,0.0
dude_310,-7.17,-7.1,-6.3,-8.9,0.0
dude_311,-5.92,-5.9,-5.1,-7.6,0.0
dude_312,-5.69,-5.6,-4.9,-7.6,0.0
dude_313,-6.02,-5.9,-5.4,-8.4,0.0
dude_314,-6.54,-6.5,-5.8,-8.2,0.0
dude_315,-6.12,-6.0,-5.4,-8.2,0.0
dude_316,-5.36,-5.3,-4.4,-7.4,0.0
dude_317,-5.51,-5.5,-4.6,-7.1,0.0
dude_318,-6.43,-6.4,-5.7,-7.9,0.0
dude_319,-5.99,-5.9,-5.2,-8.2,0.0
dude_32,-6.52,-6.5,-5.9,-8.5,0.0
dude_320,-5.86,-5.8,-5.2,-7.6,0.0
dude_321,-7.08,-7.0,-6.3,-8.5,0.0
dude_322,-6.32,-6.2,-5.6,-8.4,0.0
dude_323,-6.96,-6.9,-6.1,-8.9,0.0
dude_324,-5.79,-5.7,-4.9,-7.6,0.0
dude_325,-6.67,-6.6,-6.0,-8.4,0.0
dude_326,-6.58,-6.5,-5.9,-8.4,0.0
dude_327,-6.74,-6.6,-6.1,-9.1,0.0
dude_328,-6.35,-6.3,-5.6,-8.2,0.0
dude_329,-6.5,-6.4,-5.8,-7.9,0.0
dude_33,-6.6,-6.5,-5.9,-8.8,0.0
dude_330,-6.07,-6.0,-5.3,-7.8,0.0
dude_331,-4.98,-4.9,-4.2,-6.9,0.0
dude_332,-6.04,-6.0,-5.2,-7.9,0.0
dude_333,-6.48,-6.4,-5.8,-8.3,0.0
dude_334,-6.27,-6.2,-5.5,-8.0,0.0
dude_335,-4.92,-4.9,-4.2,-6.4,0.0
dude_336,-5.16,-5.1,-4.4,-6.5,0.0
dude_337,-5.47,-5.4,-4.7,-6.8,0.0
dude_338,-5.88,-5.8,-5.2,-7.4,0.0
dude_339,-6.71,-6.6,-6.0,-8.6,0.0
dude_34,-6.17,-6.1,-5.2,-8.2,0.0
dude_340,-5.61,-5.5,-4.8,-7.8,0.0
dude_341,-6.27,-6.2,-5.2,-8.2,0.0
dude_342,-5.92,-5.9,-5.1,-7.5,0.0
dude_343,-6.22,-6.1,-5.7,-8.7,0.0
dude_344,-4.85,-4.8,-4.0,-6.6,0.0
dude_345,-6.05,-5.9,-5.3,-8.0,0.0
dude_346,-5.61,-5.6,-4.9,-7.4,0.0
dude_347,-5.91,-5.8,-5.3,-8.3,0.0
dude_348,-5.38,-5.4,-4.6,-6.9,0.0
dude_349,-6.46,-6.4,-6.0,-9.0,0.0
dude_35,-6.52,-6.4,-5.8,-8.2,0.0
dude_350,-6.08,-6.0,-5.3,-8.3,0.0
dude_351,-5.82,-5.7,-5.1,-7.8,0.0
dude_352,-5.7,-5.6,-4.8,-7.5,0.0
dude_353,-5.9,-5.8,-5.1,-8.0,0.0
dude_354,-6.36,-6.3,-5.5,-8.3,0.0
dude_355,-6.77,-6.7,-6.0,-8.9,0.0
dude_356,-6.22,-6.2,-5.5,-8.5,0.0
dude_357,-5.89,-5.9,-5.1,-7.5,0.0
dude_358,-5.42,-5.3,-4.5,-7.4,0.0
dude_359,-5.99,-5.9,-5.2,-8.2,0.0
dude_36,-6.03,-5.9,-5.3,-8.3,0.0
dude_360,-6.59,-6.5,-5.8,-8.3,0.0
dude_361,-6.04,-6.0,-5.3,-8.0,0.0
dude_362,-5.73,-5.7,-4.9,-7.8,0.0
dude_363,-5.32,-5.3,-4.7,-6.8,0.0
dude_364,-5.91,-5.8,-5.1,-7.2,0.0
dude_365,-5.58,-5.5,-4.9,-7.1,0.0
dude_366,-5.66,-5.6,-4.8,-7.8,0.0
dude_367,-5.71,-5.7,-5.0,-7.5,0.0
dude_368,-6.4,-6.3,-5.7,-8.1,0.0
dude_369,-5.91,-5.8,-5.1,-7.5,0.0
dude_37,-7.67,-7.6,-7.0,-9.9,0.0
dude_370,-6.21,-6.1,-5.4,-8.3,0.0
dude_371,-5.8,-5.8,-5.1,-8.1,0.0
dude_372,-5.7,-5.6,-4.9,-7.3,0.0
dude_373,-6.3,-6.3,-5.4,-7.8,0.0
dude_374,-5.89,-5.9,-5.1,-7.5,0.0
dude_375,-5.4,-5.3,-4.8,-7.0,0.0
dude_376,-6.13,-6.0,-5.6,-8.6,0.0
dude_377,-5.33,-5.3,-4.5,-7.1,0.0
dude_378,-6.33,-6.2,-5.7,-8.7,0.0
dude_379,-6.35,-6.3,-5.8,-8.8,0.0
dude_38,-6.01,-5.9,-5.3,-8.3,0.0
dude_380,-5.84,-5.8,-5.0,-7.6,0.0
dude_381,-6.15,-6.1,-5.3,-7.8,0.0
dude_382,-6.06,-6.0,-5.2,-8.0,0.0
dude_383,-5.75,-5.7,-5.0,-7.7,0.0
dude_384,-5.91,-5.9,-5.1,-7.3,0.0
dude_385,-6.26,-6.2,-5.5,-8.0,0.0
dude_386,-5.88,-5.85,-4.9,-7.9,0.0
dude_387,-6.39,-6.3,-5.7,-8.0,0.0
dude_388,-5.68,-5.7,-4.9,-7.0,0.0
dude_389,-5.92,-5.8,-5.2,-8.1,0.0
dude_39,-7.58,-7.5,-6.9,-9.9,0.0
dude_390,-5.73,-5.7,-4.9,-7.1,0.0
dude_391,-6.26,-6.2,-5.4,-8.2,0.0
dude_392,-6.3,-6.2,-5.8,-8.8,0.0
dude_393,-7.17,-7.1,-6.4,-8.8,0.0
dude_394,-6.04,-5.9,-5.2,-8.2,0.0
dude_395,-6.23,-6.2,-5.4,-7.6,0.0
dude_396,-5.36,-5.3,-4.6,-7.1,0.0
dude_397,-5.61,-5.6,-4.8,-7.0,0.0
dude_398,-5.97,-5.9,-5.3,-7.8,0.0
dude_399,-6.52,-6.5,-5.8,-8.6,0.0
dude_4,-6.32,-6.2,-5.6,-7.8,0.0
dude_40,-6.9,-6.8,-6.2,-8.4,0.0
dude_400,-6.18,-6.1,-5.5,-7.9,0.0
dude_401,-5.01,-4.9,-4.1,-7.1,0.0
dude_402,-5.68,-5.6,-5.1,-7.2,0.0
dude_403,-5.49,-5.4,-4.6,-7.6,0.0
dude_404,-5.41,-5.3,-4.6,-7.6,0.0
dude_405,-5.57,-5.4,-4.5,-7.4,0.0
dude_406,-5.46,-5.4,-4.8,-6.9,0.0
dude_407,-5.16,-5.1,-4.4,-7.0,0.0
dude_408,-5.66,-5.6,-4.7,-7.7,0.0
dude_409,-5.55,-5.5,-4.7,-7.7,0.0
dude_41,-7.46,-7.3,-6.9,-9.9,0.0
dude_410,-5.08,-5.0,-4.5,-6.4,0.0
dude_411,-5.37,-5.3,-4.7,-6.7,0.0
dude_412,-5.48,-5.4,-4.8,-7.3,0.0
dude_413,-5.29,-5.2,-4.7,-7.7,0.0
dude_414,-5.6,-5.5,-4.8,-7.4,0.0
dude_415,-5.46,-5.4,-4.6,-7.3,0.0
dude_416,-5.49,-5.4,-4.6,-7.4,0.0
dude_417,-6.25,-6.2,-5.6,-7.9,0.0
dude_418,-5.7,-5.7,-5.0,-7.4,0.0
dude_419,-5.16,-5.1,-4.3,-7.2,0.0
dude_42,-6.59,-6.5,-6.1,-9.1,0.0
dude_420,-4.84,-4.8,-4.2,-6.5,0.0
dude_421,-5.41,-5.3,-4.7,-6.6,0.0
dude_422,-5.25,-5.2,-4.5,-6.8,0.0
dude_423,-5.79,-5.7,-5.1,-8.0,0.0
dude_424,-5.51,-5.4,-4.7,-7.3,0.0
dude_425,-6.17,-6.1,-5.4,-8.3,0.0
dude_426,-5.53,-5.5,-4.9,-7.0,0.0
dude_427,-6.95,-6.9,-6.2,-8.9,0.0
dude_428,-5.57,-5.5,-4.9,-7.7,0.0
dude_429,-6.37,-6.3,-5.6,-8.6,0.0
dude_43,-6.66,-6.5,-5.9,-8.6,0.0
dude_430,-6.29,-6.2,-5.5,-8.1,0.0
dude_431,-5.79,-5.7,-5.2,-7.0,0.0
dude_432,-5.43,-5.4,-4.7,-6.8,0.0
dude_433,-6.41,-6.3,-5.7,-8.7,0.0
dude_434,-5.78,-5.7,-5.0,-7.7,0.0
dude_435,-5.47,-5.4,-4.8,-7.0,0.0
dude_436,-5.24,-5.2,-4.3,-7.3,0.0
dude_437,-5.97,-5.9,-5.4,-7.4,0.0
dude_438,-5.12,-5.1,-4.4,-7.3,0.0
dude_439,-6.01,-5.9,-5.1,-8.1,0.0
dude_44,-6.15,-6.1,-5.5,-8.5,0.0
dude_440,-5.66,-5.6,-4.9,-7.3,0.0
dude_441,-6.11,-6.05,-5.4,-7.7,0.0
dude_442,-6.17,-6.1,-5.5,-8.1,0.0
dude_443,-6.14,-6.0,-5.4,-8.1,0.0
dude_444,-4.64,-4.6,-3.9,-6.1,0.0
dude_445,-6.12,-6.0,-5.3,-7.9,0.0
dude_446,-5.54,-5.5,-4.9,-6.5,0.0
dude_447,-5.93,-5.9,-5.2,-7.5,0.0
dude_448,-5.81,-5.7,-5.2,-7.2,0.0
dude_449,-5.16,-5.1,-4.5,-6.6,0.0
dude_45,-6.13,-6.1,-5.3,-7.6,0.0
dude_450,-6.09,-6.0,-5.4,-8.3,0.0
dude_451,-5.76,-5.7,-4.8,-7.6,0.0
dude_452,-6.09,-6.0,-5.5,-7.6,0.0
dude_453,-6.71,-6.6,-6.1,-8.4,0.0
dude_454,-6.2,-6.1,-5.6,-8.0,0.0
dude_455,-5.32,-5.3,-4.3,-7.3,0.0
dude_456,-6.15,-6.0,-5.3,-8.3,0.0
dude_457,-6.71,-6.6,-6.0,-8.4,0.0
dude_458,-7.37,-7.3,-6.6,-9.3,0.0
dude_459,-6.86,-6.7,-6.1,-9.0,0.0
dude_46,-6.73,-6.7,-6.0,-8.0,0.0
dude_460,-6.25,-6.2,-5.6,-7.9,0.0
dude_461,-6.35,-6.2,-5.6,-8.6,0.0
dude_462,-6.48,-6.4,-5.9,-7.6,0.0
dude_463,-6.33,-6.3,-5.5,-8.5,0.0
dude_464,-6.32,-6.3,-5.5,-8.0,0.0
dude_465,-6.84,-6.8,-6.2,-8.5,0.0
dude_466,-5.78,-5.7,-4.8,-7.5,0.0
dude_467,-5.66,-5.6,-5.1,-6.9,0.0
dude_468,-5.96,-5.9,-5.2,-7.3,0.0
dude_469,-6.69,-6.6,-5.9,-8.3,0.0
dude_47,-6.86,-6.8,-6.1,-9.1,0.0
dude_470,-6.82,-6.7,-6.2,-8.6,0.0
dude_471,-6.01,-5.9,-5.4,-7.8,0.0
dude_472,-6.55,-6.5,-5.9,-8.0,0.0
dude_473,-5.58,-5.5,-4.9,-7.4,0.0
dude_474,-6.04,-6.0,-5.4,-7.8,0.0
dude_475,-6.21,-6.2,-5.4,-7.9,0.0
dude_476,-5.7,-5.6,-5.0,-6.9,0.0
dude_477,-6.41,-6.2,-5.7,-8.6,0.0
dude_478,-6.19,-6.1,-5.5,-7.8,0.0
dude_479,-5.33,-5.3,-4.6,-6.9,0.0
dude_48,-6.32,-6.3,-5.7,-7.7,0.0
dude_480,-5.77,-5.7,-4.9,-7.9,0.0
dude_481,-6.32,-6.2,-5.5,-8.5,0.0
dude_482,-6.75,-6.7,-6.0,-8.5,0.0
dude_483,-6.18,-6.1,-5.5,-8.1,0.0
dude_484,-5.79,-5.7,-5.1,-7.6,0.0
dude_485,-6.4,-6.4,-5.6,-7.8,0.0
dude_486,-5.98,-5.9,-5.3,-7.6,0.0
dude_487,-6.19,-6.1,-5.4,-8.4,0.0
dude_488,-5.78,-5.8,-4.9,-7.6,0.0
dude_489,-5.98,-5.9,-5.1,-8.0,0.0
dude_49,-6.53,-6.5,-5.9,-7.9,0.0
dude_490,-6.36,-6.3,-5.7,-8.1,0.0
dude_491,-6.3,-6.2,-5.6,-8.6,0.0
dude_492,-6.24,-6.2,-5.7,-7.8,0.0
dude_493,-4.87,-4.8,-4.3,-6.1,0.0
dude_494,-5.26,-5.1,-4.4,-7.4,0.0
dude_495,-6.64,-6.6,-6.0,-8.1,0.0
dude_496,-6.48,-6.4,-5.8,-8.8,0.0
dude_497,-6.4,-6.3,-5.7,-8.0,0.0
dude_498,-6.29,-6.2,-5.6,-7.9,0.0
dude_499,-5.47,-5.4,-4.8,-7.0,0.0
dude_5,-5.69,-5.6,-4.9,-7.4,0.0
dude_50,-6.8,-6.7,-6.1,-9.1,0.0
dude_500,-6.49,-6.4,-5.7,-8.6,0.0
dude_501,-5.76,-5.7,-5.1,-7.3,0.0
dude_502,-5.57,-5.5,-4.8,-6.9,0.0
dude_503,-5.35,-5.3,-4.8,-6.6,0.0
dude_504,-5.51,-5.4,-4.9,-7.9,0.0
dude_505,-5.53,-5.5,-4.9,-7.2,0.0
dude_506,-5.32,-5.3,-4.9,-6.4,0.0
dude_507,-5.18,-5.1,-4.5,-6.7,0.0
dude_508,-6.06,-6.0,-5.5,-7.3,0.0
dude_509,-4.91,-4.9,-4.2,-6.8,0.0
dude_51,-7.32,-7.2,-6.6,-9.6,0.0
dude_510,-5.33,-5.3,-4.7,-6.8,0.0
dude_511,-5.42,-5.3,-4.6,-7.6,0.0
dude_512,-5.82,-5.8,-5.1,-7.1,0.0
dude_513,-5.22,-5.2,-4.5,-7.0,0.0
dude_514,-6.08,-6.0,-5.5,-7.3,0.0
dude_515,-5.42,-5.4,-5.0,-6.6,0.0
dude_516,-5.91,-5.8,-5.3,-7.7,0.0
dude_517,-6.82,-6.7,-6.2,-8.5,0.0
dude_518,-5.74,-5.7,-5.1,-7.5,0.0
dude_519,-6.09,-6.0,-5.4,-7.6,0.0
dude_52,-6.23,-6.1,-5.4,-8.1,0.0
dude_520,-5.02,-5.0,-4.5,-6.4,0.0
dude_521,-5.4,-5.3,-4.6,-7.6,0.0
dude_522,-5.28,-5.2,-4.2,-7.0,0.0
dude_523,-5.62,-5.6,-5.0,-6.9,0.0
dude_524,-6.26,-6.1,-5.5,-8.1,0.0
dude_525,-5.35,-5.3,-4.5,-6.9,0.0
dude_526,-5.74,-5.7,-5.0,-7.3,0.0
dude_527,-5.92,-5.9,-5.2,-7.2,0.0
dude_528,-6.26,-6.2,-5.5,-7.8,0.0
dude_529,-6.07,-6.0,-5.4,-7.7,0.0
dude_53,-7.03,-6.9,-6.4,-9.4,0.0
dude_530,-5.28,-5.2,-4.6,-6.8,0.0
dude_531,-6.07,-6.0,-5.4,-7.6,0.0
dude_532,-5.46,-5.4,-4.7,-6.9,0.0
dude_533,-6.01,-6.0,-5.3,-7.8,0.0
dude_534,-6.15,-6.0,-5.6,-8.6,0.0
dude_535,-6.07,-6.0,-5.3,-8.3,0.0
dude_536,-5.99,-5.9,-5.4,-7.7,0.0
dude_537,-5.55,-5.5,-4.9,-7.9,0.0
dude_538,-5.94,-5.9,-5.2,-8.2,0.0
dude_539,-5.68,-5.6,-5.1,-6.8,0.0
dude_54,-6.22,-6.2,-5.4,-8.2,0.0
dude_540,-5.85,-5.8,-5.1,-7.9,0.0
dude_541,-5.86,-5.8,-5.1,-7.4,0.0
dude_542,-5.73,-5.65,-5.1,-7.4,0.0
dude_543,-5.86,-5.8,-5.2,-7.3,0.0
dude_544,-5.64,-5.6,-4.9,-7.6,0.0
dude_545,-6.13,-6.0,-5.6,-7.7,0.0
dude_546,-5.68,-5.6,-5.0,-7.4,0.0
dude_547,-6.73,-6.7,-6.1,-8.7,0.0
dude_548,-6.19,-6.1,-5.6,-7.9,0.0
dude_549,-6.38,-6.3,-5.7,-7.9,0.0
dude_55,-6.18,-6.1,-5.5,-8.5,0.0
dude_550,-6.49,-6.4,-5.8,-8.6,0.0
dude_551,-6.08,-6.0,-5.4,-7.5,0.0
dude_552,-6.04,-5.9,-5.2,-8.0,0.0
dude_553,-6.15,-6.1,-5.5,-7.9,0.0
dude_554,-6.1,-6.1,-5.1,-8.0,0.0
dude_555,-6.18,-6.1,-5.4,-7.6,0.0
dude_556,-6.37,-6.3,-5.5,-8.2,0.0
dude_557,-6.22,-6.1,-5.4,-7.9,0.0
dude_558,-6.32,-6.3,-5.6,-7.8,0.0
dude_559,-5.6,-5.5,-4.7,-7.5,0.0
dude_56,-7.08,-7.0,-6.3,-9.0,0.0
dude_560,-5.74,-5.7,-5.0,-7.1,0.0
dude_561,-6.58,-6.5,-5.9,-8.3,0.0
dude_562,-6.28,-6.2,-5.7,-7.5,0.0
dude_563,-6.57,-6.5,-6.0,-9.0,0.0
dude_564,-6.53,-6.5,-5.8,-8.3,0.0
dude_565,-6.0,-5.9,-5.4,-7.3,0.0
dude_566,-7.14,-7.1,-6.4,-8.7,0.0
dude_567,-6.45,-6.4,-5.6,-8.5,0.0
dude_568,-6.56,-6.5,-5.9,-8.1,0.0
dude_569,-7.22,-7.2,-6.4,-8.8,0.0
dude_57,-5.89,-5.8,-4.9,-7.8,0.0
dude_570,-5.93,-5.9,-5.1,-7.6,0.0
dude_571,-6.2,-6.1,-5.5,-8.3,0.0
dude_572,-6.56,-6.5,-5.9,-8.1,0.0
dude_573,-6.38,-6.3,-5.6,-8.3,0.0
dude_574,-6.82,-6.7,-6.1,-9.1,0.0
dude_575,-6.52,-6.5,-5.6,-8.5,0.0
dude_576,-6.81,-6.8,-6.0,-8.4,0.0
dude_577,-6.16,-6.1,-5.4,-7.8,0.0
dude_578,-6.49,-6.4,-5.9,-7.8,0.0
dude_579,-6.41,-6.4,-5.7,-7.8,0.0
dude_58,-6.27,-6.2,-5.5,-7.6,0.0
dude_580,-5.66,-5.6,-5.0,-7.4,0.0
dude_581,-6.31,-6.2,-5.6,-8.2,0.0
dude_582,-6.73,-6.7,-6.0,-8.4,0.0
dude_583,-5.98,-5.9,-4.7,-7.2,0.0
dude_584,-6.13,-6.1,-5.4,-8.0,0.0
dude_585,-6.53,-6.5,-5.8,-8.1,0.0
dude_586,-6.33,-6.3,-5.6,-8.5,0.0
dude_587,-5.85,-5.8,-5.0,-7.4,0.0
dude_588,-6.48,-6.4,-5.7,-8.7,0.0
dude_589,-6.94,-6.8,-6.2,-8.8,0.0
dude_59,-6.23,-6.2,-5.2,-8.1,0.0
dude_590,-5.97,-5.9,-5.3,-7.2,0.0
dude_591,-6.13,-6.1,-5.4,-8.0,0.0
dude_592,-6.09,-6.0,-5.3,-7.9,0.0
dude_593,-6.85,-6.8,-6.1,-9.0,0.0
dude_594,-5.87,-5.8,-5.1,-7.7,0.0
dude_595,-7.28,-7.2,-6.6,-9.6,0.0
dude_596,-5.98,-5.9,-5.4,-7.3,0.0
dude_597,-6.22,-6.1,-5.5,-7.7,0.0
dude_598,-6.66,-6.6,-5.9,-8.5,0.0
dude_599,-7.27,-7.2,-6.5,-9.2,0.0
dude_6,-6.71,-6.6,-5.9,-8.9,0.0
dude_60,-6.09,-6.0,-5.4,-8.0,0.0
dude_600,-6.26,-6.2,-5.5,-7.9,0.0
dude_601,-5.84,-5.8,-5.2,-7.2,0.0
dude_602,-5.6,-5.5,-4.9,-7.2,0.0
dude_603,-5.85,-5.8,-5.4,-7.2,0.0
dude_604,-5.56,-5.5,-4.8,-7.5,0.0
dude_605,-5.53,-5.5,-4.9,-6.8,0.0
dude_606,-6.08,-6.0,-5.5,-7.3,0.0
dude_607,-5.26,-5.2,-4.5,-7.0,0.0
dude_608,-6.27,-6.2,-5.5,-7.6,0.0
dude_609,-5.39,-5.3,-4.8,-6.4,0.0
dude_61,-6.34,-6.2,-5.7,-8.7,0.0
dude_610,-5.43,-5.3,-4.8,-6.9,0.0
dude_611,-5.4,-5.4,-4.7,-6.6,0.0
dude_612,-5.69,-5.6,-5.2,-6.8,0.0
dude_613,-5.72,-5.7,-4.9,-7.7,0.0
dude_614,-5.0,-4.9,-4.2,-6.6,0.0
dude_615,-5.24,-5.2,-4.6,-6.6,0.0
dude_616,-5.53,-5.5,-4.9,-6.8,0.0
dude_617,-4.91,-4.8,-4.2,-6.6,0.0
dude_618,-5.84,-5.8,-5.3,-7.1,0.0
dude_619,-5.96,-5.9,-5.2,-7.2,0.0
dude_62,-6.67,-6.6,-6.0,-9.0,0.0
dude_620,-4.99,-4.9,-4.4,-6.2,0.0
dude_621,-6.23,-6.2,-5.6,-7.5,0.0
dude_622,-5.39,-5.4,-4.7,-6.7,0.0
dude_623,-5.93,-5.9,-5.3,-7.7,0.0
dude_624,-5.78,-5.7,-5.2,-7.0,0.0
dude_625,-5.26,-5.2,-4.3,-6.7,0.0
dude_626,-5.85,-5.7,-5.2,-8.2,0.0
dude_627,-6.12,-6.0,-5.5,-7.7,0.0
dude_628,-5.17,-5.1,-4.5,-6.8,0.0
dude_629,-5.34,-5.3,-4.6,-6.9,0.0
dude_63,-6.52,-6.4,-5.9,-8.3,0.0
dude_630,-6.32,-6.3,-5.6,-8.2,0.0
dude_631,-5.66,-5.6,-4.8,-7.8,0.0
dude_632,-5.03,-5.0,-4.3,-6.7,0.0
dude_633,-6.35,-6.3,-5.7,-8.6,0.0
dude_634,-5.16,-5.1,-4.3,-6.6,0.0
dude_635,-5.91,-5.8,-5.1,-8.1,0.0
dude_636,-5.48,-5.5,-4.7,-7.0,0.0
dude_637,-5.77,-5.7,-5.0,-7.3,0.0
dude_638,-6.35,-6.3,-5.7,-7.7,0.0
dude_639,-5.87,-5.8,-5.1,-8.1,0.0
dude_64,-6.28,-6.2,-5.4,-8.4,0.0
dude_640,-5.0,-5.0,-4.5,-6.1,0.0
dude_641,-4.92,-4.9,-4.3,-6.0,0.0
dude_642,-5.96,-5.9,-5.3,-7.2,0.0
dude_643,-6.05,-6.0,-5.3,-7.7,0.0
dude_644,-5.44,-5.4,-4.7,-6.7,0.0
dude_645,-5.27,-5.2,-4.6,-6.7,0.0
dude_646,-5.96,-5.8,-5.3,-8.3,0.0
dude_647,-5.8,-5.8,-5.2,-7.3,0.0
dude_648,-5.92,-5.8,-5.3,-7.5,0.0
dude_649,-5.6,-5.5,-5.0,-7.5,0.0
dude_65,-6.09,-6.0,-5.3,-8.3,0.0
dude_650,-5.54,-5.5,-4.8,-7.2,0.0
dude_651,-5.74,-5.6,-4.8,-7.8,0.0
dude_652,-5.78,-5.7,-4.9,-7.7,0.0
dude_653,-6.53,-6.5,-5.8,-8.7,0.0
dude_654,-5.92,-5.8,-5.2,-7.5,0.0
dude_655,-5.52,-5.5,-4.7,-7.7,0.0
dude_656,-6.73,-6.6,-6.1,-9.1,0.0
dude_657,-5.84,-5.8,-5.1,-8.1,0.0
dude_658,-5.79,-5.7,-4.9,-7.6,0.0
dude_659,-6.2,-6.1,-5.4,-8.3,0.0
dude_66,-6.82,-6.7,-6.0,-9.0,0.0
dude_660,-6.3,-6.2,-5.6,-8.6,0.0
dude_661,-6.1,-6.0,-5.5,-8.5,0.0
dude_662,-6.25,-6.2,-5.5,-8.3,0.0
dude_663,-5.68,-5.7,-4.9,-7.3,0.0
dude_664,-5.64,-5.5,-4.8,-7.4,0.0
dude_665,-5.3,-5.2,-4.4,-7.1,0.0
dude_666,-5.14,-5.1,-4.4,-6.4,0.0
dude_667,-5.88,-5.8,-5.1,-8.1,0.0
dude_668,-5.32,-5.3,-4.5,-6.8,0.0
dude_669,-5.62,-5.6,-4.7,-7.7,0.0
dude_67,-6.86,-6.8,-6.2,-8.4,0.0
dude_670,-5.76,-5.7,-5.0,-7.4,0.0
dude_671,-6.59,-6.5,-5.8,-8.3,0.0
dude_672,-6.16,-6.1,-5.3,-8.3,0.0
dude_673,-5.16,-5.1,-4.4,-7.1,0.0
dude_674,-6.45,-6.4,-5.7,-8.2,0.0
dude_675,-5.55,-5.5,-5.0,-7.2,0.0
dude_676,-6.1,-6.0,-5.5,-8.1,0.0
dude_677,-5.39,-5.3,-4.7,-7.6,0.0
dude_678,-5.73,-5.7,-4.7,-7.7,0.0
dude_679,-6.57,-6.5,-5.9,-8.1,0.0
dude_68,-6.7,-6.7,-5.9,-8.1,0.0
dude_680,-5.65,-5.6,-4.8,-7.5,0.0
dude_681,-6.09,-6.1,-5.5,-7.3,0.0
dude_682,-5.77,-5.7,-4.9,-7.9,0.0
dude_683,-5.81,-5.7,-5.0,-7.8,0.0
dude_684,-5.39,-5.4,-4.7,-6.5,0.0
dude_685,-5.66,-5.6,-5.0,-7.2,0.0
dude_686,-5.33,-5.3,-4.6,-6.6,0.0
dude_687,-6.03,-6.0,-5.3,-7.4,0.0
dude_688,-5.24,-5.2,-4.7,-6.5,0.0
dude_689,-5.63,-5.6,-5.0,-8.0,0.0
dude_69,-6.74,-6.6,-5.9,-8.9,0.0
dude_690,-5.68,-5.7,-4.9,-7.1,0.0
dude_691,-6.35,-6.2,-5.5,-8.1,0.0
dude_692,-6.07,-6.0,-5.5,-7.7,0.0
dude_693,-5.36,-5.3,-4.6,-6.7,0.0
dude_694,-5.48,-5.5,-4.7,-7.0,0.0
dude_695,-6.03,-6.0,-5.3,-7.4,0.0
dude_696,-5.52,-5.4,-4.7,-7.1,0.0
dude_697,-5.1,-5.0,-4.2,-7.2,0.0
dude_698,-6.12,-6.1,-5.3,-7.9,0.0
dude_699,-4.96,-4.9,-4.3,-6.5,0.0
dude_7,-6.88,-6.7,-6.3,-9.3,0.0
dude_70,-7.45,-7.4,-6.7,-9.1,0.0
dude_700,-6.04,-6.0,-5.4,-7.9,0.0
dude_701,-6.28,-6.2,-5.4,-7.9,0.0
dude_702,-6.09,-6.0,-5.3,-7.9,0.0
dude_703,-5.94,-5.9,-5.2,-7.6,0.0
dude_704,-5.88,-5.8,-5.3,-7.3,0.0
dude_705,-4.77,-4.7,-4.1,-6.4,0.0
dude_706,-5.76,-5.7,-5.0,-8.0,0.0
dude_707,-6.11,-6.1,-5.4,-7.5,0.0
dude_708,-5.92,-5.8,-5.1,-8.1,0.0
dude_709,-6.03,-6.0,-5.4,-8.0,0.0
dude_71,-6.46,-6.4,-5.6,-8.3,0.0
dude_710,-5.94,-5.9,-5.3,-7.4,0.0
dude_711,-5.73,-5.7,-4.9,-7.5,0.0
dude_712,-5.05,-5.0,-4.3,-6.4,0.0
dude_713,-5.85,-5.8,-5.2,-8.2,0.0
dude_714,-5.31,-5.2,-4.5,-6.8,0.0
dude_715,-5.51,-5.5,-4.7,-6.9,0.0
dude_716,-6.93,-6.9,-6.2,-8.5,0.0
dude_717,-5.84,-5.8,-5.3,-7.3,0.0
dude_718,-6.08,-6.0,-5.3,-8.0,0.0
dude_719,-6.1,-6.0,-5.2,-7.5,0.0
dude_72,-7.17,-7.0,-6.5,-9.4,0.0
dude_720,-6.12,-6.1,-5.4,-8.3,0.0
dude_721,-5.5,-5.4,-4.7,-7.3,0.0
dude_722,-5.7,-5.6,-4.9,-7.9,0.0
dude_723,-6.04,-6.0,-5.3,-8.3,0.0
dude_724,-5.67,-5.6,-5.1,-7.3,0.0
dude_725,-6.1,-6.0,-5.4,-7.5,0.0
dude_726,-5.35,-5.3,-4.6,-6.6,0.0
dude_727,-6.06,-6.0,-5.4,-7.4,0.0
dude_728,-5.29,-5.2,-4.7,-7.2,0.0
dude_729,-5.94,-5.9,-5.2,-8.2,0.0
dude_73,-6.43,-6.4,-5.8,-7.7,0.0
dude_730,-6.43,-6.4,-5.7,-8.2,0.0
dude_731,-4.59,-4.5,-3.8,-5.9,0.0
dude_732,-6.35,-6.3,-5.7,-7.8,0.0
dude_733,-6.42,-6.4,-5.7,-8.5,0.0
dude_734,-4.9,-4.8,-4.3,-6.5,0.0
dude_735,-5.49,-5.5,-4.8,-6.9,0.0
dude_736,-5.68,-5.7,-4.5,-7.2,0.0
dude_737,-5.28,-5.2,-4.4,-6.8,0.0
dude_738,-5.02,-5.0,-4.3,-6.9,0.0
dude_739,-5.54,-5.5,-4.8,-6.9,0.0
dude_74,-6.63,-6.5,-5.9,-8.9,0.0
dude_740,-5.87,-5.8,-5.2,-7.7,0.0
dude_741,-6.42,-6.4,-5.5,-8.4,0.0
dude_742,-6.44,-6.4,-5.7,-8.0,0.0
dude_743,-6.23,-6.2,-5.7,-8.1,0.0
dude_744,-5.8,-5.7,-5.1,-7.3,0.0
dude_745,-5.98,-6.0,-5.2,-7.7,0.0
dude_746,-5.83,-5.7,-5.0,-8.0,0.0
dude_747,-5.33,-5.3,-4.4,-7.2,0.0
dude_748,-5.59,-5.4,-5.0,-8.0,0.0
dude_749,-5.89,-5.8,-5.1,-7.3,0.0
dude_75,-6.94,-6.9,-6.1,-8.5,0.0
dude_750,-5.1,-5.1,-4.4,-6.4,0.0
dude_751,-5.11,-5.0,-4.1,-7.1,0.0
dude_752,-5.81,-5.8,-5.1,-7.5,0.0
dude_753,-5.78,-5.7,-5.1,-7.3,0.0
dude_754,-5.95,-5.9,-5.2,-8.2,0.0
dude_755,-6.88,-6.8,-6.2,-8.5,0.0
dude_756,-6.08,-6.0,-5.3,-7.8,0.0
dude_757,-6.24,-6.2,-5.6,-7.4,0.0
dude_758,-5.04,-5.0,-4.1,-6.7,0.0
dude_759,-5.98,-5.9,-5.4,-8.4,0.0
dude_76,-6.21,-6.1,-5.3,-8.3,0.0
dude_760,-5.97,-5.9,-5.3,-7.9,0.0
dude_761,-5.59,-5.5,-4.7,-7.7,0.0
dude_762,-5.39,-5.3,-4.6,-7.6,0.0
dude_763,-6.29,-6.2,-5.6,-8.1,0.0
dude_764,-6.27,-6.2,-5.7,-8.7,0.0
dude_765,-5.82,-5.7,-5.1,-7.7,0.0
dude_766,-5.82,-5.7,-5.1,-7.3,0.0
dude_767,-5.62,-5.6,-5.0,-6.8,0.0
dude_768,-6.08,-6.0,-5.4,-7.7,0.0
dude_769,-5.99,-5.9,-5.1,-7.6,0.0
dude_77,-6.15,-6.1,-5.3,-8.3,0.0
dude_770,-5.95,-5.9,-5.3,-8.3,0.0
dude_771,-5.23,-5.1,-4.3,-7.1,0.0
dude_772,-5.88,-5.8,-5.0,-7.9,0.0
dude_773,-5.91,-5.8,-5.2,-8.0,0.0
dude_774,-5.86,-5.8,-5.1,-7.7,0.0
dude_775,-6.45,-6.4,-5.7,-8.3,0.0
dude_776,-6.49,-6.4,-5.7,-7.9,0.0
dude_777,-5.54,-5.5,-4.8,-7.2,0.0
dude_778,-5.48,-5.4,-4.8,-7.0,0.0
dude_779,-6.02,-6.0,-5.3,-7.6,0.0
dude_78,-7.03,-6.9,-6.3,-8.9,0.0
dude_780,-6.04,-6.0,-5.3,-7.8,0.0
dude_781,-6.17,-6.1,-5.4,-7.8,0.0
dude_782,-5.83,-5.8,-5.3,-8.3,0.0
dude_783,-6.75,-6.7,-5.9,-8.6,0.0
dude_784,-6.21,-6.1,-5.4,-8.0,0.0
dude_785,-6.59,-6.5,-5.8,-8.6,0.0
dude_786,-6.12,-6.0,-5.4,-8.4,0.0
dude_787,-6.35,-6.3,-5.7,-8.1,0.0
dude_788,-6.05,-6.0,-5.4,-8.0,0.0
dude_789,-5.85,-5.8,-5.1,-7.4,0.0
dude_79,-7.27,-7.2,-6.4,-8.8,0.0
dude_790,-5.7,-5.6,-4.9,-7.3,0.0
dude_791,-6.1,-6.0,-5.3,-8.0,0.0
dude_792,-5.66,-5.6,-4.9,-7.4,0.0
dude_793,-5.74,-5.7,-4.9,-7.4,0.0
dude_794,-6.0,-5.9,-5.2,-7.9,0.0
dude_795,-5.55,-5.4,-4.8,-7.8,0.0
dude_796,-5.85,-5.8,-5.2,-8.0,0.0
dude_797,-5.36,-5.3,-4.6,-7.3,0.0
dude_798,-5.11,-5.0,-4.2,-7.1,0.0
dude_799,-5.98,-5.9,-5.2,-8.1,0.0
dude_8,-6.16,-6.1,-5.4,-8.1,0.0
dude_80,-5.91,-5.8,-5.0,-7.5,0.0
dude_800,-6.13,-6.1,-5.4,-7.4,0.0
dude_801,-6.05,-5.9,-5.5,-7.8,0.0
dude_802,-5.06,-5.0,-4.0,-7.0,0.0
dude_803,-5.81,-5.8,-5.2,-7.1,0.0
dude_804,-6.15,-6.1,-5.4,-7.4,0.0
dude_805,-5.7,-5.7,-5.0,-7.2,0.0
dude_806,-5.81,-5.8,-5.0,-7.3,0.0
dude_807,-5.92,-5.8,-5.1,-8.1,0.0
dude_808,-5.95,-5.9,-5.4,-7.1,0.0
dude_809,-5.78,-5.7,-4.9,-7.7,0.0
dude_81,-7.37,-7.3,-6.6,-8.9,0.0
dude_810,-5.36,-5.3,-4.6,-6.9,0.0
dude_811,-5.1,-5.0,-4.4,-6.6,0.0
dude_812,-6.18,-6.1,-5.7,-7.4,0.0
dude_813,-5.99,-6.0,-5.2,-8.1,0.0
dude_814,-6.03,-6.0,-5.2,-8.0,0.0
dude_815,-5.03,-5.0,-4.3,-6.8,0.0
dude_816,-5.16,-5.05,-4.4,-7.4,0.0
dude_817,-5.52,-5.4,-4.6,-7.6,0.0
dude_818,-5.94,-5.9,-5.3,-7.4,0.0
dude_819,-5.54,-5.5,-4.9,-7.3,0.0
dude_82,-7.33,-7.2,-6.5,-9.1,0.0
dude_820,-5.72,-5.7,-5.0,-7.5,0.0
dude_821,-5.88,-5.8,-5.1,-8.1,0.0
dude_822,-5.6,-5.5,-4.7,-7.4,0.0
dude_823,-5.83,-5.8,-5.0,-7.7,0.0
dude_824,-5.41,-5.4,-4.6,-7.3,0.0
dude_825,-4.92,-4.9,-3.9,-6.7,0.0
dude_826,-5.1,-5.05,-4.5,-6.6,0.0
dude_827,-5.76,-5.7,-5.0,-7.5,0.0
dude_828,-5.89,-5.8,-5.0,-7.8,0.0
dude_829,-5.88,-5.8,-5.0,-7.8,0.0
dude_83,-6.42,-6.3,-5.5,-8.5,0.0
dude_830,-6.01,-6.0,-5.2,-8.0,0.0
dude_831,-5.94,-5.8,-5.4,-8.4,0.0
dude_832,-6.29,-6.2,-5.7,-7.4,0.0
dude_833,-5.32,-5.2,-4.6,-7.1,0.0
dude_834,-6.14,-6.1,-5.5,-7.7,0.0
dude_835,-5.78,-5.7,-5.0,-7.9,0.0
dude_836,-5.44,-5.4,-4.7,-7.1,0.0
dude_837,-5.97,-5.9,-5.2,-7.6,0.0
dude_838,-4.82,-4.7,-4.0,-7.0,0.0
dude_839,-5.2,-5.1,-4.6,-7.0,0.0
dude_84,-6.81,-6.7,-6.1,-8.7,0.0
dude_840,-5.8,-5.7,-5.3,-7.1,0.0
dude_841,-5.82,-5.8,-5.1,-7.0,0.0
dude_842,-4.96,-4.9,-4.1,-6.4,0.0
dude_843,-5.51,-5.4,-4.8,-7.8,0.0
dude_844,-5.98,-5.9,-5.3,-7.1,0.0
dude_845,-5.75,-5.7,-5.0,-7.8,0.0
dude_846,-5.85,-5.8,-5.1,-8.0,0.0
dude_847,-5.74,-5.7,-4.8,-7.6,0.0
dude_848,-5.47,-5.4,-4.7,-6.8,0.0
dude_849,-5.07,-5.0,-4.4,-6.6,0.0
dude_85,-7.37,-7.2,-6.6,-9.4,0.0
dude_850,-6.74,-6.7,-6.0,-8.4,0.0
dude_851,-5.64,-5.6,-4.5,-7.5,0.0
dude_852,-5.5,-5.4,-4.7,-7.7,0.0
dude_853,-5.48,-5.4,-4.7,-7.3,0.0
dude_854,-6.29,-6.2,-5.6,-8.3,0.0
dude_855,-6.28,-6.1,-5.8,-8.8,0.0
dude_856,-5.97,-5.9,-5.2,-7.7,0.0
dude_857,-5.25,-5.1,-4.4,-7.2,0.0
dude_858,-5.78,-5.7,-4.9,-7.8,0.0
dude_859,-5.74,-5.65,-4.8,-7.8,0.0
dude_86,-6.78,-6.7,-5.9,-8.8,0.0
dude_860,-6.74,-6.6,-6.1,-9.1,0.0
dude_861,-6.33,-6.2,-5.5,-8.0,0.0
dude_862,-6.06,-6.0,-5.3,-8.3,0.0
dude_863,-6.33,-6.2,-5.5,-8.3,0.0
dude_864,-5.97,-5.9,-5.2,-7.7,0.0
dude_865,-6.0,-5.9,-5.1,-8.1,0.0
dude_866,-6.03,-6.0,-5.3,-7.7,0.0
dude_867,-5.53,-5.5,-4.5,-7.5,0.0
dude_868,-6.37,-6.3,-5.7,-8.7,0.0
dude_869,-6.31,-6.2,-5.6,-8.6,0.0
dude_87,-7.23,-7.2,-6.5,-8.6,0.0
dude_870,-7.27,-7.1,-6.8,-9.8,0.0
dude_871,-6.41,-6.3,-5.7,-8.3,0.0
dude_872,-5.77,-5.7,-4.8,-7.8,0.0
dude_873,-6.1,-6.0,-5.3,-8.0,0.0
dude_874,-6.29,-6.2,-5.6,-8.0,0.0
dude_875,-6.18,-6.1,-5.3,-8.2,0.0
dude_876,-6.45,-6.4,-5.7,-8.4,0.0
dude_877,-6.18,-6.1,-5.6,-7.4,0.0
dude_878,-6.29,-6.1,-5.4,-8.4,0.0
dude_879,-6.19,-6.1,-5.4,-8.4,0.0
dude_88,-7.69,-7.6,-6.9,-9.5,0.0
dude_880,-5.67,-5.6,-4.8,-7.4,0.0
dude_881,-5.48,-5.5,-4.8,-7.2,0.0
dude_882,-6.88,-6.8,-6.2,-9.2,0.0
dude_883,-6.11,-6.0,-5.5,-8.5,0.0
dude_884,-5.82,-5.8,-4.9,-7.7,0.0
dude_885,-6.23,-6.2,-5.3,-7.7,0.0
dude_886,-5.95,-5.9,-5.2,-7.8,0.0
dude_887,-6.17,-6.1,-5.4,-8.4,0.0
dude_888,-5.56,-5.5,-4.9,-7.3,0.0
dude_889,-6.03,-5.9,-5.0,-8.0,0.0
dude_89,-7.03,-7.0,-6.1,-8.9,0.0
dude_890,-6.18,-6.1,-5.4,-8.2,0.0
dude_891,-6.49,-6.4,-5.7,-7.9,0.0
dude_892,-6.3,-6.2,-5.6,-8.4,0.0
dude_893,-5.99,-5.9,-5.1,-8.1,0.0
dude_894,-5.56,-5.5,-4.7,-7.7,0.0
dude_895,-6.28,-6.2,-5.5,-7.7,0.0
dude_896,-6.07,-6.0,-5.3,-8.3,0.0
dude_897,-5.36,-5.3,-4.5,-7.4,0.0
dude_898,-6.87,-6.7,-6.4,-9.4,0.0
dude_899,-6.61,-6.5,-5.9,-8.5,0.0
dude_9,-6.6,-6.5,-5.8,-8.8,0.0
dude_90,-6.23,-6.2,-5.6,-8.5,0.0
dude_900,-6.3,-6.3,-5.4,-8.3,0.0
dude_901,-5.66,-5.6,-4.8,-7.8,0.0
dude_902,-5.86,-5.8,-5.0,-8.0,0.0
dude_903,-6.0,-6.0,-5.3,-7.4,0.0
dude_904,-5.67,-5.6,-5.0,-8.0,0.0
dude_905,-6.13,-6.1,-5.4,-8.1,0.0
dude_906,-5.37,-5.3,-4.6,-6.8,0.0
dude_907,-5.16,-5.1,-4.4,-6.8,0.0
dude_908,-6.17,-6.1,-5.4,-8.3,0.0
dude_909,-5.06,-5.0,-4.2,-6.9,0.0
dude_91,-6.86,-6.7,-6.1,-8.7,0.0
dude_910,-6.2,-6.2,-5.5,-8.0,0.0
dude_911,-5.8,-5.7,-5.0,-7.9,0.0
dude_912,-5.89,-5.8,-5.1,-7.9,0.0
dude_913,-6.39,-6.3,-5.6,-8.4,0.0
dude_914,-6.24,-6.1,-5.4,-8.3,0.0
dude_915,-5.76,-5.7,-5.1,-7.1,0.0
dude_916,-5.78,-5.7,-5.0,-8.0,0.0
dude_917,-5.52,-5.5,-4.9,-7.3,0.0
dude_918,-6.18,-6.1,-5.4,-8.2,0.0
dude_919,-5.12,-5.1,-4.4,-6.9,0.0
dude_92,-6.51,-6.4,-5.9,-8.9,0.0
dude_920,-6.09,-6.0,-5.2,-7.9,0.0
dude_921,-5.57,-5.5,-4.8,-7.4,0.0
dude_922,-5.85,-5.8,-5.2,-7.2,0.0
dude_923,-5.74,-5.6,-5.0,-7.9,0.0
dude_924,-5.62,-5.6,-4.8,-6.7,0.0
dude_925,-5.39,-5.4,-4.7,-6.7,0.0
dude_926,-5.76,-5.7,-4.9,-7.3,0.0
dude_927,-6.44,-6.3,-5.9,-8.9,0.0
dude_928,-5.94,-5.9,-5.0,-7.9,0.0
dude_929,-5.61,-5.5,-4.9,-7.5,0.0
dude_93,-6.15,-6.0,-5.2,-8.2,0.0
dude_930,-6.0,-5.9,-5.2,-8.2,0.0
dude_931,-6.1,-6.1,-5.2,-7.9,0.0
dude_932,-5.58,-5.5,-4.9,-7.0,0.0
dude_933,-5.36,-5.3,-4.7,-7.0,0.0
dude_934,-5.57,-5.5,-4.6,-7.6,0.0
dude_935,-5.51,-5.45,-4.6,-7.6,0.0
dude_936,-5.89,-5.9,-5.2,-7.0,0.0
dude_937,-5.5,-5.4,-4.8,-7.4,0.0
dude_938,-5.55,-5.5,-4.8,-7.5,0.0
dude_939,-5.66,-5.6,-4.8,-7.5,0.0
dude_94,-6.45,-6.4,-5.7,-8.3,0.0
dude_940,-5.88,-5.8,-5.0,-7.4,0.0
dude_941,-6.48,-6.4,-5.8,-8.7,0.0
dude_942,-5.83,-5.7,-5.1,-8.1,0.0
dude_943,-6.25,-6.2,-5.5,-8.5,0.0
dude_944,-5.42,-5.4,-4.7,-7.2,0.0
dude_945,-5.84,-5.8,-5.0,-7.6,0.0
dude_946,-5.43,-5.4,-4.7,-6.9,0.0
dude_947,-5.74,-5.7,-5.0,-7.2,0.0
dude_948,-6.29,-6.2,-5.6,-8.2,0.0
dude_949,-5.93,-5.8,-5.0,-8.0,0.0
dude_95,-6.71,-6.6,-5.9,-8.8,0.0
dude_950,-5.86,-5.8,-5.2,-7.2,0.0
dude_951,-5.4,-5.4,-4.6,-7.3,0.0
dude_952,-5.16,-5.1,-4.4,-7.4,0.0
dude_953,-6.1,-6.0,-5.4,-7.8,0.0
dude_954,-5.64,-5.6,-4.9,-7.3,0.0
dude_955,-4.99,-4.9,-4.3,-6.6,0.0
dude_956,-5.74,-5.7,-4.9,-7.5,0.0
dude_957,-6.35,-6.3,-5.8,-7.8,0.0
dude_958,-5.48,-5.5,-4.4,-7.3,0.0
dude_959,-5.93,-5.9,-5.0,-8.0,0.0
dude_96,-6.27,-6.2,-5.5,-7.9,0.0
dude_960,-6.44,-6.4,-5.7,-8.3,0.0
dude_961,-5.84,-5.8,-5.2,-7.3,0.0
dude_962,-6.56,-6.5,-5.9,-8.2,0.0
dude_963,-5.87,-5.8,-5.1,-7.9,0.0
dude_964,-6.03,-6.0,-5.2,-8.0,0.0
dude_965,-5.95,-5.9,-5.2,-7.6,0.0
dude_966,-5.47,-5.4,-4.8,-6.7,0.0
dude_967,-5.62,-5.5,-4.8,-7.5,0.0
dude_968,-5.87,-5.8,-5.2,-7.6,0.0
dude_969,-6.83,-6.8,-6.2,-8.2,0.0
dude_97,-7.36,-7.2,-6.7,-9.7,0.0
dude_970,-6.18,-6.1,-5.4,-7.7,0.0
dude_971,-5.22,-5.3,-4.1,-6.6,0.0
dude_972,-5.62,-5.5,-4.8,-7.8,0.0
dude_973,-6.23,-6.2,-5.6,-7.6,0.0
dude_974,-6.36,-6.3,-5.7,-8.1,0.0
dude_975,-5.32,-5.3,-4.5,-7.5,0.0
dude_976,-5.87,-5.8,-4.9,-7.8,0.0
dude_977,-5.8,-5.7,-5.1,-8.1,0.0
dude_978,-6.41,-6.4,-5.5,-8.2,0.0
dude_979,-5.56,-5.5,-4.6,-7.5,0.0
dude_98,-7.51,-7.4,-6.8,-9.3,0.0
dude_980,-6.22,-6.1,-5.4,-7.6,0.0
dude_981,-5.88,-5.8,-5.2,-7.5,0.0
dude_982,-6.09,-6.0,-5.3,-7.7,0.0
dude_983,-6.19,-6.2,-5.6,-7.7,0.0
dude_984,-4.92,-4.9,-4.0,-7.0,0.0
dude_985,-6.51,-6.4,-5.8,-8.2,0.0
dude_986,-6.74,-6.7,-5.9,-8.5,0.0
dude_987,-5.76,-5.7,-5.1,-7.1,0.0
dude_988,-5.98,-5.9,-5.3,-7.4,0.0
dude_989,-4.84,-4.8,-4.2,-6.0,0.0
dude_99,-5.91,-5.8,-5.0,-8.0,0.0
dude_990,-5.47,-5.4,-4.9,-6.7,0.0
dude_991,-5.74,-5.7,-5.1,-7.4,0.0
dude_992,-5.82,-5.8,-5.0,-7.0,0.0
dude_993,-6.13,-6.1,-5.4,-7.6,0.0
dude_994,-6.8,-6.7,-6.0,-8.7,0.0
dude_995,-6.28,-6.2,-5.5,-7.8,0.0
dude_996,-5.65,-5.5,-4.7,-7.7,0.0
dude_997,-5.58,-5.5,-5.0,-6.8,0.0
dude_998,-6.01,-5.9,-5.3,-7.9,0.0
dude_999,-6.08,-6.0,-5.4,-8.4,0.0
