0,vina_gpu_mean,vina_gpu_median,vina_gpu_max,vina_gpu_min,Active
6puw_ligand,-8.99,-9.0,-8.3,-9.8,1.0
active_10,-7.5,-7.5,-7.1,-8.2,1.0
active_11,-8.14,-8.05,-7.8,-8.6,1.0
active_12,-9.01,-9.1,-8.6,-9.4,1.0
active_13,-7.35,-7.3,-7.1,-7.6,1.0
active_14,-8.0,-7.9,-7.7,-8.7,1.0
active_15,-8.67,-8.5,-8.2,-9.5,1.0
active_16,-8.18,-8.15,-7.7,-8.6,1.0
active_17,-7.95,-7.8,-7.5,-9.1,1.0
active_18,-7.4,-7.3,-7.2,-7.8,1.0
active_19,-7.69,-7.7,-7.5,-7.9,1.0
active_2,-9.69,-9.65,-9.0,-10.4,1.0
active_20,-9.08,-8.95,-8.8,-10.0,1.0
active_21,-8.31,-8.3,-8.1,-8.7,1.0
active_22,-8.9,-8.8,-8.7,-9.2,1.0
active_23,-7.64,-7.6,-7.3,-8.0,1.0
active_24,-7.6,-7.6,-7.3,-7.9,1.0
active_25,-6.62,-6.6,-6.5,-6.8,1.0
active_26,-7.94,-7.9,-7.7,-8.2,1.0
active_27,-8.42,-8.2,-8.1,-8.9,1.0
active_28,-8.69,-8.65,-8.5,-9.1,1.0
active_29,-7.53,-7.4,-7.3,-7.9,1.0
active_3,-8.1,-8.05,-7.9,-8.5,1.0
active_30,-7.33,-7.4,-7.0,-7.7,1.0
active_31,-7.82,-7.75,-7.5,-8.4,1.0
active_4,-8.43,-8.3,-7.9,-9.4,1.0
active_5,-8.17,-8.1,-7.8,-8.7,1.0
active_6,-7.89,-7.9,-7.5,-8.2,1.0
active_7,-8.58,-8.55,-8.3,-8.9,1.0
active_8,-7.45,-7.4,-7.1,-7.8,1.0
active_9,-7.46,-7.4,-7.2,-7.9,1.0
dude_1,-7.47,-7.5,-7.2,-7.7,0.0
dude_10,-8.88,-8.7,-8.6,-9.6,0.0
dude_100,-7.49,-7.35,-7.2,-8.3,0.0
dude_1000,-7.44,-7.3,-7.1,-8.2,0.0
dude_1001,-6.81,-6.7,-6.5,-7.3,0.0
dude_1002,-7.29,-7.2,-7.1,-7.8,0.0
dude_1003,-6.49,-6.4,-6.2,-6.8,0.0
dude_1004,-7.04,-7.1,-6.8,-7.3,0.0
dude_1005,-7.57,-7.6,-7.4,-8.0,0.0
dude_1006,-6.34,-6.3,-6.1,-6.8,0.0
dude_1007,-6.96,-6.95,-6.7,-7.4,0.0
dude_1008,-6.23,-6.25,-6.1,-6.4,0.0
dude_1009,-6.81,-6.75,-6.5,-7.2,0.0
dude_101,-7.27,-7.3,-6.9,-7.9,0.0
dude_1010,-6.41,-6.4,-6.1,-6.7,0.0
dude_1011,-8.04,-8.0,-7.7,-9.0,0.0
dude_1012,-7.14,-7.2,-7.0,-7.3,0.0
dude_1013,-6.43,-6.4,-6.1,-7.1,0.0
dude_1014,-7.11,-7.05,-6.8,-7.7,0.0
dude_1015,-6.62,-6.5,-6.4,-7.0,0.0
dude_1016,-6.27,-6.2,-6.1,-6.5,0.0
dude_1017,-7.41,-7.4,-7.1,-7.6,0.0
dude_1018,-6.74,-6.7,-6.6,-7.0,0.0
dude_1019,-7.77,-7.7,-7.6,-8.1,0.0
dude_102,-7.38,-7.3,-7.1,-8.0,0.0
dude_1020,-7.08,-7.05,-6.9,-7.4,0.0
dude_1021,-8.01,-7.9,-7.7,-8.7,0.0
dude_1022,-7.4,-7.4,-7.1,-7.6,0.0
dude_1023,-6.95,-6.9,-6.6,-7.4,0.0
dude_1024,-6.61,-6.6,-6.5,-6.7,0.0
dude_1025,-7.3,-7.3,-7.1,-7.6,0.0
dude_1026,-6.64,-6.6,-6.5,-6.9,0.0
dude_1027,-7.34,-7.3,-7.1,-7.6,0.0
dude_1028,-7.44,-7.4,-7.0,-7.8,0.0
dude_1029,-7.15,-7.15,-7.0,-7.3,0.0
dude_103,-7.24,-7.3,-7.0,-7.5,0.0
dude_1030,-6.52,-6.4,-6.3,-7.1,0.0
dude_1031,-7.42,-7.3,-7.1,-8.2,0.0
dude_1032,-6.81,-6.8,-6.7,-7.1,0.0
dude_1033,-6.65,-6.65,-6.4,-6.9,0.0
dude_1034,-7.43,-7.3,-7.1,-7.8,0.0
dude_1035,-6.39,-6.4,-6.3,-6.6,0.0
dude_1036,-7.33,-7.3,-7.1,-7.5,0.0
dude_1037,-7.12,-7.0,-6.9,-7.6,0.0
dude_1038,-7.65,-7.6,-7.4,-8.1,0.0
dude_1039,-7.27,-7.25,-7.1,-7.6,0.0
dude_104,-7.3,-7.3,-7.0,-7.6,0.0
dude_1040,-7.29,-7.2,-7.0,-7.7,0.0
dude_1041,-7.38,-7.35,-7.1,-7.6,0.0
dude_1042,-7.9,-7.8,-7.4,-9.0,0.0
dude_1043,-7.65,-7.6,-7.4,-7.9,0.0
dude_1044,-7.54,-7.5,-7.5,-7.7,0.0
dude_1045,-6.99,-6.9,-6.8,-7.3,0.0
dude_1046,-6.16,-6.1,-6.0,-6.5,0.0
dude_1047,-7.14,-7.0,-6.9,-7.9,0.0
dude_1048,-7.95,-7.9,-7.7,-8.2,0.0
dude_1049,-7.11,-6.9,-6.8,-8.1,0.0
dude_105,-7.51,-7.55,-7.2,-7.7,0.0
dude_1050,-6.23,-6.2,-6.0,-6.5,0.0
dude_1051,-5.93,-5.8,-5.5,-6.6,0.0
dude_1052,-6.54,-6.45,-6.3,-7.2,0.0
dude_1053,-6.83,-6.9,-6.6,-7.0,0.0
dude_1054,-6.26,-6.2,-6.1,-6.8,0.0
dude_1055,-6.62,-6.6,-6.5,-6.8,0.0
dude_1056,-5.7,-5.7,-5.6,-5.9,0.0
dude_1057,-6.99,-6.9,-6.7,-7.7,0.0
dude_1058,-7.78,-7.7,-7.3,-8.4,0.0
dude_1059,-6.48,-6.45,-6.3,-6.7,0.0
dude_106,-6.58,-6.45,-6.3,-7.1,0.0
dude_1060,-6.73,-6.7,-6.4,-7.2,0.0
dude_1061,-5.97,-5.95,-5.7,-6.2,0.0
dude_1062,-6.84,-6.75,-6.6,-7.4,0.0
dude_1063,-6.35,-6.3,-6.2,-6.7,0.0
dude_1064,-6.46,-6.4,-6.2,-6.9,0.0
dude_1065,-6.55,-6.6,-6.3,-6.8,0.0
dude_1066,-6.6,-6.6,-6.4,-6.8,0.0
dude_1067,-6.29,-6.3,-6.1,-6.5,0.0
dude_1068,-6.5,-6.5,-6.4,-6.6,0.0
dude_1069,-6.31,-6.3,-6.1,-6.5,0.0
dude_107,-7.93,-7.9,-7.7,-8.3,0.0
dude_1070,-6.45,-6.4,-6.2,-6.8,0.0
dude_1071,-6.06,-6.0,-5.8,-6.6,0.0
dude_1072,-6.59,-6.6,-6.2,-7.2,0.0
dude_1073,-6.42,-6.4,-6.3,-6.6,0.0
dude_1074,-6.33,-6.4,-5.8,-6.7,0.0
dude_1075,-6.19,-6.2,-5.9,-7.1,0.0
dude_1076,-6.17,-6.15,-6.0,-6.3,0.0
dude_1077,-7.07,-7.1,-6.5,-7.7,0.0
dude_1078,-7.36,-7.4,-7.1,-7.7,0.0
dude_1079,-6.9,-6.85,-6.6,-7.4,0.0
dude_108,-6.93,-7.0,-6.7,-7.1,0.0
dude_1080,-6.55,-6.5,-6.4,-7.0,0.0
dude_1081,-6.3,-6.2,-6.1,-6.8,0.0
dude_1082,-6.84,-6.8,-6.5,-7.2,0.0
dude_1083,-6.38,-6.3,-6.1,-6.8,0.0
dude_1084,-6.27,-6.3,-6.1,-6.5,0.0
dude_1085,-6.85,-6.8,-6.7,-7.2,0.0
dude_1086,-6.66,-6.65,-6.3,-7.1,0.0
dude_1087,-6.87,-6.9,-6.7,-7.1,0.0
dude_1088,-6.84,-6.7,-6.6,-7.6,0.0
dude_1089,-5.96,-5.9,-5.6,-6.4,0.0
dude_109,-7.06,-7.0,-6.8,-7.5,0.0
dude_1090,-6.31,-6.2,-6.1,-7.0,0.0
dude_1091,-6.51,-6.6,-6.3,-6.8,0.0
dude_1092,-6.85,-6.8,-6.6,-7.3,0.0
dude_1093,-6.63,-6.7,-6.4,-6.8,0.0
dude_1094,-6.76,-6.8,-6.5,-6.9,0.0
dude_1095,-6.23,-6.2,-6.0,-6.5,0.0
dude_1096,-6.03,-6.0,-5.7,-6.4,0.0
dude_1097,-6.45,-6.35,-6.3,-6.7,0.0
dude_1098,-6.59,-6.6,-6.5,-6.7,0.0
dude_1099,-7.47,-7.55,-7.1,-7.7,0.0
dude_11,-7.6,-7.6,-7.3,-8.2,0.0
dude_110,-7.94,-7.9,-7.6,-8.2,0.0
dude_1100,-6.73,-6.8,-6.4,-6.9,0.0
dude_1101,-7.16,-7.1,-6.9,-7.9,0.0
dude_1102,-6.54,-6.5,-6.3,-6.8,0.0
dude_1103,-6.56,-6.5,-6.3,-7.0,0.0
dude_1104,-7.16,-7.1,-6.7,-7.8,0.0
dude_1105,-6.48,-6.4,-6.3,-6.9,0.0
dude_1106,-6.88,-6.7,-6.5,-8.1,0.0
dude_1107,-7.52,-7.45,-7.3,-7.9,0.0
dude_1108,-7.31,-7.3,-7.2,-7.5,0.0
dude_1109,-7.24,-7.0,-6.9,-7.8,0.0
dude_111,-7.88,-7.8,-7.7,-8.2,0.0
dude_1110,-6.57,-6.5,-6.2,-7.0,0.0
dude_1111,-6.75,-6.7,-6.4,-7.3,0.0
dude_1112,-6.44,-6.3,-6.1,-6.9,0.0
dude_1113,-6.95,-6.9,-6.7,-7.4,0.0
dude_1114,-7.02,-6.9,-6.8,-7.5,0.0
dude_1115,-7.16,-7.2,-6.8,-7.5,0.0
dude_1116,-7.54,-7.5,-7.3,-8.0,0.0
dude_1117,-7.0,-7.0,-6.8,-7.6,0.0
dude_1118,-7.28,-7.1,-6.9,-7.9,0.0
dude_1119,-6.64,-6.5,-6.2,-7.4,0.0
dude_112,-6.36,-6.2,-6.0,-7.1,0.0
dude_1120,-7.26,-7.2,-7.0,-7.8,0.0
dude_1121,-7.42,-7.5,-7.3,-7.5,0.0
dude_1122,-7.5,-7.5,-7.3,-7.7,0.0
dude_1123,-7.83,-7.8,-7.5,-8.3,0.0
dude_1124,-7.1,-7.1,-6.9,-7.3,0.0
dude_1125,-7.12,-7.1,-6.8,-7.7,0.0
dude_1126,-6.13,-6.1,-5.9,-6.7,0.0
dude_1127,-7.07,-7.05,-6.8,-7.3,0.0
dude_1128,-6.72,-6.6,-6.5,-7.3,0.0
dude_1129,-8.2,-8.4,-7.6,-8.5,0.0
dude_113,-7.25,-7.2,-6.9,-7.6,0.0
dude_1130,-6.92,-6.9,-6.6,-7.3,0.0
dude_1131,-6.51,-6.5,-6.3,-6.9,0.0
dude_1132,-7.4,-7.4,-7.3,-7.5,0.0
dude_1133,-6.57,-6.4,-6.3,-7.0,0.0
dude_1134,-7.3,-7.2,-7.1,-7.7,0.0
dude_1135,-6.91,-6.9,-6.7,-7.3,0.0
dude_1136,-7.2,-7.2,-7.0,-7.5,0.0
dude_1137,-7.3,-7.35,-6.8,-7.9,0.0
dude_1138,-7.23,-7.2,-6.9,-7.7,0.0
dude_1139,-6.02,-6.0,-5.8,-6.3,0.0
dude_114,-6.74,-6.7,-6.5,-7.2,0.0
dude_1140,-7.3,-7.2,-7.0,-8.0,0.0
dude_1141,-6.87,-6.85,-6.6,-7.4,0.0
dude_1142,-7.42,-7.4,-7.2,-7.8,0.0
dude_1143,-7.45,-7.45,-7.1,-8.0,0.0
dude_1144,-7.28,-7.15,-6.9,-7.7,0.0
dude_1145,-6.78,-6.8,-6.5,-7.1,0.0
dude_1146,-7.13,-7.15,-6.8,-7.5,0.0
dude_1147,-6.81,-6.8,-6.7,-7.1,0.0
dude_1148,-6.75,-6.7,-6.6,-7.1,0.0
dude_1149,-6.65,-6.7,-6.4,-6.9,0.0
dude_115,-8.33,-8.3,-7.9,-9.0,0.0
dude_1150,-7.68,-7.65,-7.4,-8.0,0.0
dude_1151,-6.72,-6.6,-6.5,-7.3,0.0
dude_1152,-6.55,-6.55,-6.1,-6.9,0.0
dude_1153,-6.34,-6.35,-6.1,-6.6,0.0
dude_1154,-6.18,-6.1,-6.0,-6.5,0.0
dude_1155,-6.41,-6.5,-6.1,-6.7,0.0
dude_1156,-7.35,-7.3,-7.2,-7.6,0.0
dude_1157,-5.57,-5.6,-5.4,-5.7,0.0
dude_1158,-6.33,-6.25,-6.0,-6.9,0.0
dude_1159,-6.56,-6.6,-6.2,-6.8,0.0
dude_116,-7.9,-7.8,-7.6,-8.5,0.0
dude_1160,-6.72,-6.8,-6.4,-6.9,0.0
dude_1161,-6.24,-6.2,-6.0,-6.6,0.0
dude_1162,-6.23,-6.2,-6.0,-6.6,0.0
dude_1163,-6.24,-6.2,-6.1,-6.4,0.0
dude_1164,-6.81,-6.7,-6.5,-7.5,0.0
dude_1165,-5.89,-5.8,-5.8,-6.0,0.0
dude_1166,-6.53,-6.6,-6.1,-6.8,0.0
dude_1167,-6.8,-6.8,-6.6,-6.9,0.0
dude_1168,-6.42,-6.3,-6.1,-6.9,0.0
dude_1169,-5.94,-5.9,-5.6,-6.2,0.0
dude_117,-7.16,-7.0,-6.8,-7.8,0.0
dude_1170,-7.17,-7.1,-6.7,-7.7,0.0
dude_1171,-6.66,-6.7,-6.5,-6.8,0.0
dude_1172,-5.91,-5.8,-5.7,-6.4,0.0
dude_1173,-5.96,-5.9,-5.6,-6.2,0.0
dude_1174,-5.86,-5.8,-5.6,-6.3,0.0
dude_1175,-7.02,-6.9,-6.6,-8.0,0.0
dude_1176,-6.78,-6.75,-6.4,-7.2,0.0
dude_1177,-6.7,-6.7,-6.5,-6.9,0.0
dude_1178,-6.14,-6.2,-5.9,-6.4,0.0
dude_1179,-7.05,-7.0,-6.8,-7.4,0.0
dude_118,-8.07,-8.1,-7.7,-8.3,0.0
dude_1180,-6.44,-6.4,-6.2,-6.7,0.0
dude_1181,-6.52,-6.6,-6.2,-6.8,0.0
dude_1182,-7.02,-6.85,-6.7,-7.7,0.0
dude_1183,-6.41,-6.3,-6.2,-7.0,0.0
dude_1184,-6.95,-6.9,-6.6,-7.6,0.0
dude_1185,-6.39,-6.3,-6.2,-6.8,0.0
dude_1186,-6.59,-6.6,-6.2,-6.8,0.0
dude_1187,-6.8,-6.8,-6.6,-7.0,0.0
dude_1188,-7.58,-7.4,-7.2,-8.1,0.0
dude_1189,-5.62,-5.65,-5.5,-5.7,0.0
dude_119,-7.42,-7.25,-7.1,-8.1,0.0
dude_1190,-6.11,-6.0,-6.0,-6.5,0.0
dude_1191,-6.16,-6.2,-5.9,-6.4,0.0
dude_1192,-7.17,-7.05,-6.9,-7.9,0.0
dude_1193,-7.08,-7.0,-6.9,-7.4,0.0
dude_1194,-6.27,-6.2,-6.1,-6.5,0.0
dude_1195,-5.61,-5.6,-5.4,-5.8,0.0
dude_1196,-6.58,-6.5,-6.3,-6.9,0.0
dude_1197,-6.71,-6.6,-6.4,-7.4,0.0
dude_1198,-6.24,-6.2,-6.1,-6.5,0.0
dude_1199,-6.79,-6.8,-6.5,-7.3,0.0
dude_12,-6.56,-6.5,-6.4,-6.9,0.0
dude_120,-7.55,-7.5,-7.3,-7.9,0.0
dude_1200,-6.24,-6.2,-6.0,-6.4,0.0
dude_1201,-6.53,-6.5,-6.3,-6.8,0.0
dude_1202,-6.58,-6.55,-6.3,-6.9,0.0
dude_1203,-6.27,-6.3,-5.9,-6.6,0.0
dude_1204,-6.53,-6.5,-6.3,-7.1,0.0
dude_1205,-6.84,-6.75,-6.6,-7.4,0.0
dude_1206,-7.37,-7.4,-7.3,-7.4,0.0
dude_1207,-6.15,-6.15,-5.9,-6.4,0.0
dude_1208,-6.38,-6.4,-6.1,-6.6,0.0
dude_1209,-7.69,-7.65,-7.4,-8.1,0.0
dude_121,-7.69,-7.6,-7.4,-8.2,0.0
dude_1210,-6.58,-6.5,-6.3,-7.1,0.0
dude_1211,-6.35,-6.3,-6.0,-6.9,0.0
dude_1212,-7.35,-7.3,-7.2,-7.8,0.0
dude_1213,-5.94,-5.8,-5.7,-6.7,0.0
dude_1214,-7.69,-7.7,-7.3,-8.6,0.0
dude_1215,-6.88,-6.8,-6.6,-7.2,0.0
dude_1216,-7.58,-7.5,-7.1,-8.3,0.0
dude_1217,-7.49,-7.45,-7.3,-7.7,0.0
dude_1218,-7.18,-7.1,-6.9,-7.7,0.0
dude_1219,-7.07,-7.0,-6.8,-7.8,0.0
dude_122,-7.87,-7.9,-7.6,-8.1,0.0
dude_1220,-7.3,-7.3,-7.1,-7.6,0.0
dude_1221,-6.54,-6.55,-6.2,-6.9,0.0
dude_1222,-6.97,-6.9,-6.8,-7.3,0.0
dude_1223,-6.9,-6.9,-6.6,-7.2,0.0
dude_1224,-7.26,-7.3,-6.9,-7.8,0.0
dude_1225,-6.37,-6.4,-6.2,-6.7,0.0
dude_1226,-7.19,-7.1,-6.9,-8.0,0.0
dude_1227,-7.21,-7.2,-6.9,-7.6,0.0
dude_1228,-7.06,-6.8,-6.6,-7.7,0.0
dude_1229,-6.68,-6.7,-6.4,-6.9,0.0
dude_123,-8.27,-8.1,-8.0,-8.7,0.0
dude_1230,-7.13,-7.1,-6.8,-7.6,0.0
dude_1231,-6.83,-6.8,-6.6,-7.1,0.0
dude_1232,-6.22,-6.2,-6.0,-6.5,0.0
dude_1233,-6.74,-6.75,-6.5,-7.0,0.0
dude_1234,-7.43,-7.4,-7.1,-7.8,0.0
dude_1235,-7.18,-7.15,-6.7,-7.8,0.0
dude_1236,-7.2,-7.3,-6.9,-7.5,0.0
dude_1237,-5.72,-5.7,-5.5,-6.0,0.0
dude_1238,-6.91,-6.9,-6.5,-7.3,0.0
dude_1239,-7.21,-7.1,-6.9,-8.1,0.0
dude_124,-6.8,-6.75,-6.5,-7.1,0.0
dude_1240,-6.69,-6.7,-6.5,-6.9,0.0
dude_1241,-6.32,-6.3,-6.1,-6.7,0.0
dude_1242,-6.46,-6.4,-6.3,-7.1,0.0
dude_1243,-7.56,-7.55,-7.3,-7.8,0.0
dude_1244,-6.72,-6.7,-6.4,-7.1,0.0
dude_1245,-6.75,-6.7,-6.5,-7.4,0.0
dude_1246,-7.66,-7.6,-7.4,-8.3,0.0
dude_1247,-6.59,-6.5,-6.3,-7.2,0.0
dude_1248,-7.3,-7.25,-6.9,-7.7,0.0
dude_1249,-7.1,-7.1,-6.9,-7.3,0.0
dude_125,-7.8,-7.6,-7.4,-8.4,0.0
dude_1250,-7.41,-7.4,-7.0,-8.0,0.0
dude_1251,-8.09,-8.0,-7.7,-8.6,0.0
dude_1252,-8.02,-8.0,-7.6,-8.6,0.0
dude_1253,-7.39,-7.35,-7.0,-8.0,0.0
dude_1254,-7.63,-7.6,-7.4,-7.9,0.0
dude_1255,-9.03,-9.0,-8.5,-9.9,0.0
dude_1256,-9.54,-9.5,-9.2,-10.3,0.0
dude_1257,-7.14,-7.1,-6.9,-7.4,0.0
dude_1258,-7.69,-7.6,-7.2,-8.9,0.0
dude_1259,-8.12,-8.1,-7.8,-8.6,0.0
dude_126,-6.91,-6.9,-6.5,-7.4,0.0
dude_1260,-8.1,-8.1,-7.8,-8.4,0.0
dude_1261,-8.6,-8.6,-8.2,-9.1,0.0
dude_1262,-7.94,-7.9,-7.7,-8.2,0.0
dude_1263,-8.71,-8.7,-8.4,-9.0,0.0
dude_1264,-8.93,-9.0,-8.6,-9.2,0.0
dude_1265,-8.14,-8.1,-8.0,-8.5,0.0
dude_1266,-8.4,-8.3,-8.1,-8.8,0.0
dude_1267,-7.46,-7.35,-7.1,-8.0,0.0
dude_1268,-8.47,-8.6,-8.2,-8.7,0.0
dude_1269,-8.1,-8.0,-7.9,-8.5,0.0
dude_127,-8.06,-8.0,-7.9,-8.6,0.0
dude_1270,-8.45,-8.3,-8.1,-8.9,0.0
dude_1271,-8.83,-8.8,-8.5,-9.3,0.0
dude_1272,-8.34,-8.3,-8.0,-8.9,0.0
dude_1273,-7.28,-7.25,-7.0,-7.8,0.0
dude_1274,-7.5,-7.4,-7.4,-7.8,0.0
dude_1275,-9.35,-9.4,-9.0,-9.6,0.0
dude_1276,-8.43,-8.3,-8.1,-9.3,0.0
dude_1277,-8.23,-8.1,-7.8,-8.9,0.0
dude_1278,-7.2,-7.15,-7.0,-7.7,0.0
dude_1279,-9.11,-9.1,-8.9,-9.4,0.0
dude_128,-8.09,-8.0,-7.8,-8.6,0.0
dude_1280,-8.44,-8.5,-8.1,-8.8,0.0
dude_1281,-7.88,-7.8,-7.6,-8.4,0.0
dude_1282,-7.31,-7.2,-7.0,-8.0,0.0
dude_1283,-8.63,-8.6,-8.3,-9.1,0.0
dude_1284,-7.56,-7.55,-7.3,-7.8,0.0
dude_1285,-7.89,-7.8,-7.4,-8.5,0.0
dude_1286,-7.65,-7.6,-7.3,-8.1,0.0
dude_1287,-6.94,-6.95,-6.8,-7.0,0.0
dude_1288,-8.91,-8.9,-8.6,-9.3,0.0
dude_1289,-8.33,-8.3,-8.1,-8.8,0.0
dude_129,-8.07,-8.0,-7.6,-8.6,0.0
dude_1290,-8.75,-8.7,-8.5,-9.0,0.0
dude_1291,-8.02,-7.95,-7.8,-8.4,0.0
dude_1292,-7.87,-7.75,-7.6,-8.2,0.0
dude_1293,-8.14,-8.15,-7.9,-8.6,0.0
dude_1294,-8.21,-8.15,-7.8,-9.0,0.0
dude_1295,-8.12,-8.1,-7.8,-8.3,0.0
dude_1296,-8.18,-8.0,-7.8,-8.8,0.0
dude_1297,-7.86,-7.8,-7.7,-8.1,0.0
dude_1298,-9.0,-9.0,-8.8,-9.2,0.0
dude_1299,-8.3,-8.3,-8.1,-8.5,0.0
dude_13,-7.82,-7.8,-7.3,-8.7,0.0
dude_130,-7.31,-7.3,-7.1,-7.6,0.0
dude_1300,-7.53,-7.5,-7.3,-7.8,0.0
dude_1301,-7.13,-7.0,-6.9,-7.6,0.0
dude_1302,-8.95,-8.85,-8.7,-9.3,0.0
dude_1303,-7.79,-7.8,-7.6,-8.0,0.0
dude_1304,-7.4,-7.4,-7.1,-7.7,0.0
dude_1305,-7.21,-7.2,-7.0,-7.7,0.0
dude_1306,-7.49,-7.4,-7.3,-7.8,0.0
dude_1307,-6.97,-6.9,-6.7,-7.3,0.0
dude_1308,-7.4,-7.4,-7.2,-7.7,0.0
dude_1309,-7.82,-7.7,-7.5,-8.6,0.0
dude_131,-6.85,-6.8,-6.6,-7.2,0.0
dude_1310,-7.13,-7.15,-7.0,-7.3,0.0
dude_1311,-7.5,-7.3,-7.2,-8.3,0.0
dude_1312,-8.93,-8.9,-8.5,-9.6,0.0
dude_1313,-7.28,-7.35,-6.9,-7.5,0.0
dude_1314,-7.3,-7.25,-7.1,-7.7,0.0
dude_1315,-7.52,-7.45,-7.1,-8.0,0.0
dude_1316,-7.08,-7.1,-6.7,-7.4,0.0
dude_1317,-8.61,-8.55,-8.3,-8.9,0.0
dude_1318,-8.61,-8.55,-8.2,-9.2,0.0
dude_1319,-8.03,-8.05,-7.6,-8.4,0.0
dude_132,-6.54,-6.5,-6.3,-6.8,0.0
dude_1320,-7.89,-7.9,-7.7,-8.2,0.0
dude_1321,-7.24,-7.25,-6.9,-7.9,0.0
dude_1322,-8.42,-8.3,-8.2,-8.9,0.0
dude_1323,-7.94,-7.9,-7.7,-8.4,0.0
dude_1324,-6.76,-6.8,-6.5,-7.1,0.0
dude_1325,-8.68,-8.65,-8.5,-8.9,0.0
dude_1326,-8.88,-8.8,-8.6,-9.4,0.0
dude_1327,-8.04,-8.0,-7.8,-8.3,0.0
dude_1328,-6.48,-6.5,-6.2,-6.8,0.0
dude_1329,-7.22,-7.2,-6.9,-7.8,0.0
dude_133,-7.67,-7.7,-7.4,-7.9,0.0
dude_1330,-7.59,-7.5,-7.3,-8.1,0.0
dude_1331,-7.0,-6.9,-6.8,-7.7,0.0
dude_1332,-7.77,-7.9,-7.4,-8.1,0.0
dude_1333,-7.49,-7.45,-7.1,-7.9,0.0
dude_1334,-7.65,-7.65,-7.4,-8.0,0.0
dude_1335,-7.19,-7.15,-6.9,-7.6,0.0
dude_1336,-8.22,-8.2,-7.9,-8.8,0.0
dude_1337,-8.7,-8.8,-8.4,-8.9,0.0
dude_1338,-7.68,-7.6,-7.3,-8.2,0.0
dude_1339,-7.42,-7.4,-7.2,-7.7,0.0
dude_134,-6.94,-6.95,-6.6,-7.2,0.0
dude_1340,-7.17,-7.15,-6.9,-7.6,0.0
dude_1341,-7.2,-7.3,-7.0,-7.3,0.0
dude_1342,-8.2,-8.2,-7.7,-8.8,0.0
dude_1343,-7.02,-7.0,-6.8,-7.3,0.0
dude_1344,-7.42,-7.4,-7.1,-7.8,0.0
dude_1345,-7.22,-7.2,-6.9,-7.5,0.0
dude_1346,-7.11,-7.1,-6.8,-7.4,0.0
dude_1347,-7.17,-7.15,-7.0,-7.6,0.0
dude_1348,-8.21,-8.2,-7.8,-8.7,0.0
dude_1349,-6.75,-6.8,-6.5,-7.0,0.0
dude_135,-7.98,-8.0,-7.6,-8.4,0.0
dude_1350,-7.38,-7.2,-7.0,-7.9,0.0
dude_1351,-7.27,-7.2,-7.1,-7.5,0.0
dude_1352,-6.73,-6.7,-6.5,-7.0,0.0
dude_1353,-7.22,-7.2,-6.9,-7.6,0.0
dude_1354,-7.44,-7.4,-7.0,-8.2,0.0
dude_1355,-6.94,-6.9,-6.7,-7.2,0.0
dude_1356,-7.42,-7.35,-7.2,-7.9,0.0
dude_1357,-7.2,-7.2,-7.0,-7.5,0.0
dude_1358,-7.74,-7.8,-7.5,-8.1,0.0
dude_1359,-7.97,-8.0,-7.6,-8.4,0.0
dude_136,-6.99,-6.9,-6.8,-7.5,0.0
dude_1360,-7.46,-7.35,-7.0,-8.4,0.0
dude_1361,-6.87,-6.8,-6.7,-7.3,0.0
dude_1362,-6.55,-6.5,-6.3,-6.9,0.0
dude_1363,-5.65,-5.65,-5.5,-5.9,0.0
dude_1364,-6.62,-6.5,-6.4,-7.1,0.0
dude_1365,-7.29,-7.2,-7.0,-7.6,0.0
dude_1366,-6.49,-6.4,-6.2,-7.1,0.0
dude_1367,-7.51,-7.5,-7.3,-7.7,0.0
dude_1368,-7.18,-7.0,-6.8,-7.7,0.0
dude_1369,-6.91,-6.8,-6.6,-7.3,0.0
dude_137,-6.58,-6.6,-6.4,-6.9,0.0
dude_1370,-7.66,-7.7,-7.4,-7.8,0.0
dude_1371,-6.78,-6.75,-6.5,-7.2,0.0
dude_1372,-6.2,-6.2,-6.0,-6.4,0.0
dude_1373,-6.78,-6.75,-6.6,-7.1,0.0
dude_1374,-6.35,-6.3,-6.1,-6.7,0.0
dude_1375,-6.61,-6.6,-6.4,-6.9,0.0
dude_1376,-7.29,-7.2,-7.1,-7.5,0.0
dude_1377,-5.82,-5.85,-5.7,-6.0,0.0
dude_1378,-6.52,-6.5,-6.2,-6.8,0.0
dude_1379,-6.5,-6.4,-6.3,-7.0,0.0
dude_138,-7.6,-7.5,-7.4,-8.1,0.0
dude_1380,-7.82,-7.8,-7.5,-8.2,0.0
dude_1381,-7.42,-7.4,-7.2,-7.7,0.0
dude_1382,-6.59,-6.6,-6.3,-6.9,0.0
dude_1383,-6.74,-6.6,-6.4,-7.2,0.0
dude_1384,-6.27,-6.2,-6.1,-6.8,0.0
dude_1385,-6.57,-6.6,-6.4,-6.8,0.0
dude_1386,-7.14,-7.15,-6.9,-7.5,0.0
dude_1387,-7.01,-6.9,-6.7,-7.8,0.0
dude_1388,-6.12,-6.0,-5.8,-6.7,0.0
dude_1389,-7.26,-7.25,-7.0,-7.7,0.0
dude_139,-7.6,-7.55,-7.1,-8.7,0.0
dude_1390,-7.08,-7.1,-6.7,-7.7,0.0
dude_1391,-6.24,-6.2,-6.0,-6.6,0.0
dude_1392,-6.55,-6.45,-6.3,-7.0,0.0
dude_1393,-6.95,-7.0,-6.7,-7.3,0.0
dude_1394,-6.27,-6.3,-5.9,-6.5,0.0
dude_1395,-6.69,-6.6,-6.5,-7.0,0.0
dude_1396,-6.27,-6.3,-6.1,-6.5,0.0
dude_1397,-6.98,-7.0,-6.8,-7.4,0.0
dude_1398,-6.96,-6.95,-6.8,-7.1,0.0
dude_1399,-6.82,-6.7,-6.6,-7.4,0.0
dude_14,-7.57,-7.55,-7.3,-7.9,0.0
dude_140,-8.18,-8.2,-7.7,-8.7,0.0
dude_1400,-6.93,-6.9,-6.6,-7.4,0.0
dude_1401,-7.76,-7.7,-7.5,-8.4,0.0
dude_1402,-7.21,-7.2,-7.0,-7.4,0.0
dude_1403,-7.62,-7.6,-7.4,-8.0,0.0
dude_1404,-7.87,-7.9,-7.5,-8.1,0.0
dude_1405,-8.26,-8.2,-8.0,-8.9,0.0
dude_1406,-8.52,-8.4,-8.3,-9.5,0.0
dude_1407,-7.36,-7.3,-7.1,-7.8,0.0
dude_1408,-7.11,-7.0,-6.9,-7.5,0.0
dude_1409,-8.36,-8.4,-8.1,-8.7,0.0
dude_141,-7.13,-7.1,-6.9,-7.6,0.0
dude_1410,-8.11,-8.1,-7.8,-8.5,0.0
dude_1411,-8.14,-7.95,-7.8,-9.6,0.0
dude_1412,-8.03,-8.0,-7.8,-8.3,0.0
dude_1413,-8.13,-8.2,-7.9,-8.4,0.0
dude_1414,-8.74,-8.9,-8.2,-9.3,0.0
dude_1415,-7.71,-7.8,-7.4,-8.1,0.0
dude_1416,-7.17,-7.1,-6.8,-7.9,0.0
dude_1417,-7.8,-7.7,-7.6,-8.2,0.0
dude_1418,-7.91,-7.85,-7.6,-8.5,0.0
dude_1419,-7.8,-7.75,-7.6,-8.3,0.0
dude_142,-7.12,-7.1,-6.8,-7.7,0.0
dude_1420,-7.27,-7.2,-7.0,-7.6,0.0
dude_1421,-7.42,-7.4,-7.3,-7.7,0.0
dude_1422,-7.95,-7.9,-7.7,-8.3,0.0
dude_1423,-8.51,-8.4,-8.1,-9.2,0.0
dude_1424,-8.04,-8.0,-7.8,-8.4,0.0
dude_1425,-7.96,-7.9,-7.7,-8.6,0.0
dude_1426,-8.54,-8.5,-8.1,-9.2,0.0
dude_1427,-8.43,-8.4,-8.2,-8.9,0.0
dude_1428,-8.69,-8.55,-8.4,-9.5,0.0
dude_1429,-7.73,-7.7,-7.4,-8.1,0.0
dude_143,-7.14,-7.05,-6.9,-7.8,0.0
dude_1430,-7.79,-7.8,-7.5,-8.0,0.0
dude_1431,-8.0,-7.9,-7.8,-8.6,0.0
dude_1432,-8.42,-8.4,-8.1,-8.9,0.0
dude_1433,-8.46,-8.3,-8.2,-8.8,0.0
dude_1434,-9.28,-9.2,-8.9,-9.7,0.0
dude_1435,-7.47,-7.4,-7.0,-8.0,0.0
dude_1436,-7.57,-7.5,-7.3,-8.4,0.0
dude_1437,-7.78,-7.55,-7.5,-8.8,0.0
dude_1438,-7.89,-7.85,-7.6,-8.4,0.0
dude_1439,-7.4,-7.4,-7.1,-7.7,0.0
dude_144,-7.73,-7.7,-7.4,-8.4,0.0
dude_1440,-7.52,-7.55,-7.1,-7.7,0.0
dude_1441,-8.15,-8.0,-7.6,-8.9,0.0
dude_1442,-7.87,-7.75,-7.6,-8.3,0.0
dude_1443,-6.64,-6.6,-6.2,-7.1,0.0
dude_1444,-6.67,-6.6,-6.4,-7.4,0.0
dude_1445,-7.12,-7.0,-6.8,-7.7,0.0
dude_1446,-7.36,-7.3,-7.1,-7.8,0.0
dude_1447,-7.32,-7.3,-7.1,-7.6,0.0
dude_1448,-7.87,-7.85,-7.6,-8.2,0.0
dude_1449,-7.86,-7.8,-7.6,-8.4,0.0
dude_145,-6.81,-6.8,-6.5,-7.1,0.0
dude_1450,-9.0,-9.0,-8.7,-9.2,0.0
dude_1451,-7.77,-7.7,-7.6,-8.1,0.0
dude_1452,-7.21,-7.15,-6.9,-7.8,0.0
dude_1453,-7.29,-7.3,-7.1,-7.5,0.0
dude_1454,-7.56,-7.5,-7.4,-8.1,0.0
dude_1455,-6.88,-6.85,-6.5,-7.2,0.0
dude_1456,-8.25,-8.3,-8.0,-8.6,0.0
dude_1457,-7.1,-7.05,-6.8,-7.4,0.0
dude_1458,-7.42,-7.4,-7.2,-8.1,0.0
dude_1459,-6.94,-7.0,-6.8,-7.0,0.0
dude_146,-6.52,-6.5,-6.3,-7.0,0.0
dude_1460,-7.89,-7.9,-7.5,-9.1,0.0
dude_1461,-7.32,-7.2,-7.1,-7.8,0.0
dude_1462,-8.69,-8.7,-8.5,-8.9,0.0
dude_1463,-6.53,-6.5,-6.2,-6.9,0.0
dude_1464,-7.04,-7.0,-6.7,-7.7,0.0
dude_1465,-7.92,-7.85,-7.7,-8.5,0.0
dude_1466,-8.61,-8.65,-8.2,-8.8,0.0
dude_1467,-5.94,-5.85,-5.8,-6.2,0.0
dude_1468,-7.71,-7.6,-7.4,-8.3,0.0
dude_1469,-8.01,-7.9,-7.7,-8.6,0.0
dude_147,-7.85,-7.8,-7.7,-8.1,0.0
dude_1470,-5.8,-5.8,-5.5,-6.1,0.0
dude_1471,-10.19,-10.2,-9.8,-10.8,0.0
dude_1472,-7.09,-7.1,-6.8,-7.5,0.0
dude_1473,-8.27,-8.25,-8.0,-8.6,0.0
dude_1474,-7.88,-7.85,-7.8,-8.0,0.0
dude_1475,-7.59,-7.6,-7.3,-8.0,0.0
dude_1476,-8.76,-8.6,-8.5,-9.2,0.0
dude_1477,-8.12,-8.1,-7.8,-8.7,0.0
dude_1478,-6.99,-6.9,-6.8,-7.4,0.0
dude_1479,-7.68,-7.6,-7.4,-8.4,0.0
dude_148,-7.96,-7.8,-7.7,-8.5,0.0
dude_1480,-7.96,-7.9,-7.7,-8.5,0.0
dude_1481,-8.14,-8.2,-7.9,-8.7,0.0
dude_1482,-8.07,-8.05,-7.8,-8.4,0.0
dude_1483,-8.31,-8.3,-8.0,-8.9,0.0
dude_1484,-6.91,-6.85,-6.6,-7.4,0.0
dude_1485,-6.93,-6.9,-6.7,-7.4,0.0
dude_1486,-8.22,-8.2,-8.0,-8.6,0.0
dude_1487,-8.91,-8.8,-8.6,-9.5,0.0
dude_1488,-7.91,-7.85,-7.6,-8.4,0.0
dude_1489,-7.01,-6.95,-6.7,-7.7,0.0
dude_149,-7.22,-7.2,-7.0,-7.6,0.0
dude_1490,-8.2,-8.1,-8.0,-8.5,0.0
dude_1491,-7.57,-7.5,-7.2,-8.4,0.0
dude_1492,-6.72,-6.7,-6.4,-7.1,0.0
dude_1493,-8.62,-8.6,-8.3,-8.9,0.0
dude_1494,-8.02,-7.95,-7.7,-8.3,0.0
dude_1495,-7.83,-7.8,-7.6,-8.1,0.0
dude_1496,-6.88,-6.9,-6.7,-7.3,0.0
dude_1497,-7.83,-7.7,-7.6,-8.2,0.0
dude_1498,-8.18,-8.1,-7.9,-8.6,0.0
dude_1499,-7.66,-7.7,-7.3,-7.9,0.0
dude_15,-8.0,-7.9,-7.6,-8.7,0.0
dude_150,-7.21,-7.15,-7.0,-7.4,0.0
dude_1500,-7.24,-7.15,-6.9,-8.0,0.0
dude_1501,-8.99,-9.0,-8.6,-9.6,0.0
dude_1502,-7.16,-7.05,-7.0,-7.4,0.0
dude_1503,-7.95,-7.9,-7.7,-8.4,0.0
dude_1504,-7.22,-7.15,-7.0,-7.5,0.0
dude_1505,-7.14,-7.1,-6.8,-7.7,0.0
dude_1506,-7.9,-7.95,-7.6,-8.2,0.0
dude_1507,-7.79,-7.65,-7.5,-8.5,0.0
dude_1508,-7.27,-7.15,-7.0,-7.6,0.0
dude_1509,-8.33,-8.2,-8.1,-9.5,0.0
dude_151,-6.8,-6.8,-6.7,-6.9,0.0
dude_1510,-7.41,-7.35,-7.2,-7.8,0.0
dude_1511,-8.11,-8.05,-7.8,-8.7,0.0
dude_1512,-8.81,-8.8,-8.5,-9.2,0.0
dude_1513,-7.04,-7.0,-6.9,-7.2,0.0
dude_1514,-7.53,-7.5,-7.3,-7.7,0.0
dude_1515,-7.28,-7.3,-7.1,-7.6,0.0
dude_1516,-7.97,-7.95,-7.7,-8.3,0.0
dude_1517,-7.71,-7.7,-7.5,-7.9,0.0
dude_1518,-7.08,-7.1,-6.8,-7.3,0.0
dude_1519,-7.61,-7.5,-7.2,-8.4,0.0
dude_152,-6.65,-6.6,-6.4,-7.1,0.0
dude_1520,-7.65,-7.65,-7.4,-8.0,0.0
dude_1521,-7.62,-7.6,-7.4,-8.3,0.0
dude_1522,-8.15,-8.15,-7.9,-8.5,0.0
dude_1523,-8.31,-8.3,-8.0,-8.9,0.0
dude_1524,-7.73,-7.8,-7.5,-8.0,0.0
dude_1525,-7.61,-7.6,-7.3,-7.9,0.0
dude_1526,-8.03,-8.05,-7.7,-8.4,0.0
dude_1527,-6.74,-6.7,-6.5,-7.0,0.0
dude_1528,-8.07,-8.0,-7.7,-8.5,0.0
dude_1529,-7.78,-7.8,-7.5,-8.1,0.0
dude_153,-7.07,-7.0,-6.9,-7.3,0.0
dude_1530,-8.37,-8.3,-8.0,-9.3,0.0
dude_1531,-7.44,-7.3,-7.1,-8.0,0.0
dude_1532,-6.64,-6.6,-6.4,-7.0,0.0
dude_1533,-7.41,-7.3,-7.2,-8.1,0.0
dude_1534,-7.32,-7.3,-7.1,-7.6,0.0
dude_1535,-8.1,-8.05,-7.7,-8.6,0.0
dude_1536,-7.3,-7.35,-6.9,-7.6,0.0
dude_1537,-8.34,-8.25,-8.1,-8.7,0.0
dude_1538,-8.82,-8.85,-8.5,-9.1,0.0
dude_1539,-6.58,-6.6,-6.2,-6.9,0.0
dude_154,-5.85,-5.8,-5.6,-6.5,0.0
dude_1540,-6.95,-6.8,-6.6,-7.6,0.0
dude_1541,-7.77,-7.8,-7.6,-8.0,0.0
dude_1542,-7.67,-7.6,-7.4,-7.9,0.0
dude_1543,-7.58,-7.4,-7.2,-8.5,0.0
dude_1544,-7.89,-7.75,-7.2,-9.2,0.0
dude_1545,-6.89,-6.8,-6.7,-7.3,0.0
dude_1546,-8.43,-8.35,-8.0,-9.2,0.0
dude_1547,-8.09,-8.0,-7.7,-8.7,0.0
dude_1548,-8.32,-8.4,-7.9,-8.8,0.0
dude_1549,-7.51,-7.4,-7.3,-8.0,0.0
dude_155,-7.09,-7.05,-6.7,-7.4,0.0
dude_1550,-7.48,-7.35,-7.2,-8.1,0.0
dude_156,-6.39,-6.4,-6.2,-6.5,0.0
dude_157,-6.94,-7.0,-6.5,-7.3,0.0
dude_158,-5.98,-6.0,-5.8,-6.2,0.0
dude_159,-6.4,-6.35,-6.2,-6.7,0.0
dude_16,-7.4,-7.45,-7.0,-7.7,0.0
dude_160,-6.72,-6.7,-6.5,-7.1,0.0
dude_161,-7.04,-6.9,-6.7,-7.7,0.0
dude_162,-6.86,-6.85,-6.6,-7.4,0.0
dude_163,-6.9,-6.9,-6.7,-7.1,0.0
dude_164,-6.79,-6.8,-6.6,-7.1,0.0
dude_165,-5.98,-5.9,-5.8,-6.3,0.0
dude_166,-6.42,-6.4,-6.2,-6.8,0.0
dude_167,-6.82,-6.75,-6.6,-7.2,0.0
dude_168,-8.05,-8.1,-7.7,-8.3,0.0
dude_169,-6.59,-6.5,-6.3,-7.3,0.0
dude_17,-6.91,-6.9,-6.7,-7.2,0.0
dude_170,-6.64,-6.5,-6.3,-7.4,0.0
dude_171,-6.94,-6.85,-6.6,-7.7,0.0
dude_172,-6.11,-6.0,-5.9,-6.5,0.0
dude_173,-7.02,-6.95,-6.7,-7.5,0.0
dude_174,-6.8,-6.8,-6.6,-7.1,0.0
dude_175,-5.97,-5.9,-5.7,-6.4,0.0
dude_176,-5.86,-5.8,-5.7,-6.1,0.0
dude_177,-5.93,-5.9,-5.7,-6.5,0.0
dude_178,-6.86,-6.8,-6.6,-7.5,0.0
dude_179,-7.3,-7.2,-7.0,-7.9,0.0
dude_18,-7.11,-7.1,-6.8,-7.5,0.0
dude_180,-7.22,-7.15,-6.8,-8.0,0.0
dude_181,-6.49,-6.4,-6.3,-6.8,0.0
dude_182,-7.4,-7.4,-7.1,-7.8,0.0
dude_183,-6.75,-6.7,-6.4,-7.1,0.0
dude_184,-6.91,-6.85,-6.6,-7.3,0.0
dude_185,-7.27,-7.2,-7.0,-7.7,0.0
dude_186,-7.52,-7.4,-7.4,-7.8,0.0
dude_187,-5.91,-5.9,-5.6,-6.5,0.0
dude_188,-6.9,-6.85,-6.6,-7.6,0.0
dude_189,-6.95,-6.95,-6.7,-7.3,0.0
dude_19,-6.53,-6.5,-6.2,-7.1,0.0
dude_190,-6.62,-6.55,-6.4,-6.9,0.0
dude_191,-6.84,-6.7,-6.6,-7.2,0.0
dude_192,-7.2,-7.1,-6.9,-7.7,0.0
dude_193,-6.19,-6.1,-6.0,-6.6,0.0
dude_194,-6.74,-6.8,-6.4,-7.2,0.0
dude_195,-6.84,-6.85,-6.6,-7.0,0.0
dude_196,-6.19,-6.1,-6.0,-6.5,0.0
dude_197,-6.48,-6.4,-6.2,-7.0,0.0
dude_198,-6.62,-6.6,-6.4,-7.2,0.0
dude_199,-6.26,-6.3,-6.0,-6.6,0.0
dude_2,-8.07,-8.1,-7.8,-8.4,0.0
dude_20,-8.09,-8.0,-7.8,-8.7,0.0
dude_200,-7.18,-7.0,-6.9,-7.8,0.0
dude_201,-6.89,-6.8,-6.6,-7.5,0.0
dude_202,-6.85,-6.8,-6.4,-7.5,0.0
dude_203,-7.23,-7.2,-6.9,-7.6,0.0
dude_204,-7.07,-7.0,-6.8,-7.6,0.0
dude_205,-6.75,-6.6,-6.4,-7.4,0.0
dude_206,-7.72,-7.65,-7.5,-8.2,0.0
dude_207,-6.29,-6.3,-6.1,-6.5,0.0
dude_208,-7.81,-7.7,-7.5,-8.2,0.0
dude_209,-7.19,-7.2,-6.9,-7.5,0.0
dude_21,-7.39,-7.3,-7.0,-7.7,0.0
dude_210,-7.44,-7.2,-7.0,-8.2,0.0
dude_211,-7.0,-6.95,-6.7,-7.3,0.0
dude_212,-6.77,-6.75,-6.5,-7.2,0.0
dude_213,-7.02,-7.0,-6.7,-7.3,0.0
dude_214,-7.62,-7.6,-7.4,-7.9,0.0
dude_215,-7.59,-7.5,-7.2,-8.6,0.0
dude_216,-6.65,-6.65,-6.4,-7.1,0.0
dude_217,-6.67,-6.65,-6.4,-7.1,0.0
dude_218,-7.34,-7.25,-7.1,-7.9,0.0
dude_219,-7.27,-7.2,-7.0,-7.6,0.0
dude_22,-6.38,-6.3,-6.2,-6.7,0.0
dude_220,-7.48,-7.45,-7.2,-7.8,0.0
dude_221,-6.89,-6.9,-6.6,-7.3,0.0
dude_222,-7.41,-7.35,-7.2,-7.7,0.0
dude_223,-6.45,-6.4,-6.3,-6.8,0.0
dude_224,-7.76,-7.7,-7.5,-8.1,0.0
dude_225,-7.78,-7.7,-7.6,-8.5,0.0
dude_226,-6.22,-6.2,-6.1,-6.4,0.0
dude_227,-7.66,-7.6,-7.4,-8.2,0.0
dude_228,-6.95,-6.9,-6.7,-7.5,0.0
dude_229,-8.3,-8.3,-7.9,-8.9,0.0
dude_23,-7.06,-7.0,-6.8,-7.6,0.0
dude_230,-7.8,-7.75,-7.5,-8.3,0.0
dude_231,-7.51,-7.5,-7.2,-7.7,0.0
dude_232,-8.02,-8.0,-7.6,-8.6,0.0
dude_233,-6.8,-6.8,-6.6,-7.0,0.0
dude_234,-7.0,-6.9,-6.8,-7.6,0.0
dude_235,-6.74,-6.7,-6.5,-7.1,0.0
dude_236,-8.38,-8.35,-7.9,-9.0,0.0
dude_237,-6.62,-6.6,-6.4,-7.0,0.0
dude_238,-6.57,-6.5,-6.4,-6.8,0.0
dude_239,-6.8,-6.7,-6.6,-7.3,0.0
dude_24,-8.49,-8.4,-8.2,-9.1,0.0
dude_240,-7.72,-7.7,-7.4,-8.3,0.0
dude_241,-6.82,-6.75,-6.6,-7.2,0.0
dude_242,-8.19,-8.3,-7.8,-8.5,0.0
dude_243,-6.64,-6.6,-6.5,-6.9,0.0
dude_244,-7.9,-7.75,-7.5,-8.7,0.0
dude_245,-7.02,-6.9,-6.9,-7.5,0.0
dude_246,-5.92,-5.9,-5.7,-6.2,0.0
dude_247,-6.41,-6.4,-6.1,-6.8,0.0
dude_248,-7.56,-7.6,-7.3,-7.8,0.0
dude_249,-8.04,-8.0,-7.7,-8.5,0.0
dude_25,-7.9,-7.9,-7.7,-8.1,0.0
dude_250,-7.72,-7.5,-7.1,-8.8,0.0
dude_251,-7.83,-7.85,-7.6,-8.0,0.0
dude_252,-7.24,-7.2,-7.0,-7.6,0.0
dude_253,-7.66,-7.7,-7.5,-7.8,0.0
dude_254,-7.73,-7.65,-7.4,-8.2,0.0
dude_255,-8.3,-8.35,-8.0,-8.6,0.0
dude_256,-7.62,-7.6,-7.3,-8.3,0.0
dude_257,-7.16,-7.05,-6.9,-7.7,0.0
dude_258,-7.2,-7.2,-6.7,-8.1,0.0
dude_259,-8.43,-8.4,-8.0,-8.8,0.0
dude_26,-6.91,-6.9,-6.6,-7.5,0.0
dude_260,-6.69,-6.6,-6.4,-7.3,0.0
dude_261,-8.22,-8.2,-7.9,-8.6,0.0
dude_262,-7.41,-7.3,-7.1,-7.8,0.0
dude_263,-6.44,-6.4,-6.2,-6.6,0.0
dude_264,-7.54,-7.4,-7.2,-8.4,0.0
dude_265,-7.85,-7.95,-7.5,-8.0,0.0
dude_266,-7.61,-7.5,-7.3,-8.1,0.0
dude_267,-7.6,-7.55,-7.1,-8.2,0.0
dude_268,-7.19,-7.2,-6.8,-7.6,0.0
dude_269,-6.59,-6.65,-6.2,-6.8,0.0
dude_27,-7.4,-7.3,-7.2,-7.7,0.0
dude_270,-8.74,-8.65,-8.3,-9.3,0.0
dude_271,-8.27,-8.1,-7.8,-8.8,0.0
dude_272,-7.25,-7.2,-7.1,-7.5,0.0
dude_273,-7.03,-7.0,-6.8,-7.5,0.0
dude_274,-7.53,-7.4,-7.2,-7.9,0.0
dude_275,-7.2,-7.1,-6.8,-7.8,0.0
dude_276,-7.89,-7.8,-7.4,-8.7,0.0
dude_277,-6.56,-6.55,-6.4,-6.7,0.0
dude_278,-7.46,-7.4,-7.2,-7.8,0.0
dude_279,-6.79,-6.75,-6.6,-7.2,0.0
dude_28,-7.29,-7.3,-6.9,-7.7,0.0
dude_280,-7.58,-7.55,-7.4,-7.9,0.0
dude_281,-7.89,-7.85,-7.7,-8.2,0.0
dude_282,-7.56,-7.5,-7.2,-8.1,0.0
dude_283,-7.77,-7.7,-7.4,-8.1,0.0
dude_284,-7.01,-7.0,-6.7,-7.6,0.0
dude_285,-8.53,-8.5,-8.1,-8.9,0.0
dude_286,-8.19,-8.1,-8.0,-8.6,0.0
dude_287,-6.9,-6.9,-6.7,-7.2,0.0
dude_288,-6.86,-6.9,-6.6,-7.3,0.0
dude_289,-8.41,-8.3,-8.2,-8.9,0.0
dude_29,-6.97,-7.0,-6.6,-7.2,0.0
dude_290,-6.44,-6.4,-6.3,-6.7,0.0
dude_291,-7.55,-7.5,-7.4,-7.8,0.0
dude_292,-8.44,-8.4,-8.2,-9.0,0.0
dude_293,-7.16,-7.2,-7.0,-7.5,0.0
dude_294,-7.73,-7.7,-7.6,-8.0,0.0
dude_295,-8.07,-8.05,-7.7,-8.7,0.0
dude_296,-6.66,-6.65,-6.5,-7.0,0.0
dude_297,-7.65,-7.5,-7.2,-8.6,0.0
dude_298,-7.38,-7.25,-7.1,-7.9,0.0
dude_299,-8.24,-8.1,-7.8,-9.0,0.0
dude_3,-6.99,-6.85,-6.8,-7.4,0.0
dude_30,-6.57,-6.55,-6.5,-6.7,0.0
dude_300,-7.79,-7.7,-7.6,-8.1,0.0
dude_301,-6.71,-6.7,-6.5,-7.0,0.0
dude_302,-7.18,-7.0,-6.9,-7.7,0.0
dude_303,-6.37,-6.3,-6.2,-6.6,0.0
dude_304,-7.07,-7.1,-6.9,-7.2,0.0
dude_305,-7.92,-7.8,-7.6,-8.4,0.0
dude_306,-7.72,-7.7,-7.4,-8.3,0.0
dude_307,-7.46,-7.45,-7.2,-8.0,0.0
dude_308,-7.78,-7.7,-7.5,-8.2,0.0
dude_309,-7.5,-7.5,-7.2,-7.8,0.0
dude_31,-7.84,-7.8,-7.5,-8.2,0.0
dude_310,-8.23,-8.3,-7.9,-8.4,0.0
dude_311,-7.16,-7.1,-6.9,-7.6,0.0
dude_312,-7.03,-7.0,-6.8,-7.3,0.0
dude_313,-7.52,-7.4,-7.0,-8.3,0.0
dude_314,-7.7,-7.65,-7.5,-8.1,0.0
dude_315,-7.68,-7.7,-7.2,-8.1,0.0
dude_316,-6.71,-6.5,-6.4,-7.1,0.0
dude_317,-6.84,-6.85,-6.7,-7.0,0.0
dude_318,-7.69,-7.7,-7.4,-7.9,0.0
dude_319,-7.51,-7.45,-7.1,-8.2,0.0
dude_32,-7.29,-7.3,-7.1,-7.5,0.0
dude_320,-6.98,-6.9,-6.7,-7.5,0.0
dude_321,-8.02,-8.0,-7.8,-8.3,0.0
dude_322,-7.9,-7.95,-7.7,-8.0,0.0
dude_323,-8.07,-8.0,-7.7,-8.7,0.0
dude_324,-7.33,-7.35,-7.0,-7.6,0.0
dude_325,-7.88,-7.8,-7.5,-8.3,0.0
dude_326,-7.67,-7.6,-7.4,-8.2,0.0
dude_327,-7.82,-7.7,-7.3,-8.8,0.0
dude_328,-7.9,-7.8,-7.7,-8.2,0.0
dude_329,-7.87,-7.9,-7.8,-7.9,0.0
dude_33,-7.65,-7.7,-7.2,-8.1,0.0
dude_330,-7.19,-7.3,-6.9,-7.6,0.0
dude_331,-6.41,-6.3,-6.1,-6.8,0.0
dude_332,-7.24,-7.2,-7.0,-7.7,0.0
dude_333,-7.64,-7.6,-7.4,-8.0,0.0
dude_334,-7.38,-7.3,-7.2,-7.8,0.0
dude_335,-6.21,-6.2,-6.0,-6.4,0.0
dude_336,-6.31,-6.3,-6.2,-6.5,0.0
dude_337,-6.48,-6.45,-6.3,-6.7,0.0
dude_338,-7.04,-7.0,-6.9,-7.4,0.0
dude_339,-7.95,-7.9,-7.6,-8.5,0.0
dude_34,-7.58,-7.5,-7.4,-8.2,0.0
dude_340,-7.18,-7.1,-6.9,-7.7,0.0
dude_341,-8.1,-8.1,-8.0,-8.2,0.0
dude_342,-7.1,-7.05,-6.9,-7.3,0.0
dude_343,-7.57,-7.3,-7.1,-8.7,0.0
dude_344,-6.07,-6.0,-5.8,-6.6,0.0
dude_345,-7.7,-7.6,-7.5,-8.0,0.0
dude_346,-6.84,-6.9,-6.4,-7.2,0.0
dude_347,-7.82,-7.8,-7.4,-8.3,0.0
dude_348,-6.41,-6.3,-6.2,-6.9,0.0
dude_349,-7.85,-7.75,-7.4,-8.9,0.0
dude_35,-7.6,-7.6,-7.5,-7.7,0.0
dude_350,-7.65,-7.55,-7.3,-8.2,0.0
dude_351,-7.21,-7.1,-6.9,-7.8,0.0
dude_352,-6.89,-6.9,-6.6,-7.2,0.0
dude_353,-7.6,-7.7,-7.2,-7.9,0.0
dude_354,-7.58,-7.6,-7.2,-7.9,0.0
dude_355,-8.02,-7.95,-7.8,-8.6,0.0
dude_356,-7.67,-7.6,-7.3,-8.2,0.0
dude_357,-6.95,-7.0,-6.7,-7.2,0.0
dude_358,-7.04,-7.0,-6.8,-7.4,0.0
dude_359,-7.58,-7.6,-7.2,-8.0,0.0
dude_36,-7.33,-7.2,-6.9,-8.1,0.0
dude_360,-7.82,-7.8,-7.6,-8.0,0.0
dude_361,-7.54,-7.5,-7.1,-8.0,0.0
dude_362,-6.84,-6.7,-6.4,-7.6,0.0
dude_363,-6.16,-6.1,-6.0,-6.6,0.0
dude_364,-6.96,-6.9,-6.8,-7.2,0.0
dude_365,-6.6,-6.6,-6.3,-7.0,0.0
dude_366,-7.27,-7.0,-6.8,-7.8,0.0
dude_367,-6.95,-6.9,-6.7,-7.6,0.0
dude_368,-7.64,-7.6,-7.3,-8.1,0.0
dude_369,-7.4,-7.4,-7.2,-7.6,0.0
dude_37,-9.16,-9.2,-8.7,-9.7,0.0
dude_370,-7.42,-7.3,-7.2,-8.0,0.0
dude_371,-7.26,-7.1,-6.9,-8.1,0.0
dude_372,-6.67,-6.6,-6.4,-6.9,0.0
dude_373,-7.14,-7.15,-6.8,-7.4,0.0
dude_374,-6.85,-6.8,-6.5,-7.5,0.0
dude_375,-6.33,-6.2,-6.1,-6.9,0.0
dude_376,-7.93,-7.7,-7.5,-8.6,0.0
dude_377,-6.84,-6.9,-6.5,-7.0,0.0
dude_378,-7.82,-7.7,-7.5,-8.5,0.0
dude_379,-7.74,-7.6,-7.2,-8.6,0.0
dude_38,-7.6,-7.6,-7.4,-7.8,0.0
dude_380,-7.06,-7.0,-6.7,-7.5,0.0
dude_381,-7.38,-7.4,-7.1,-7.6,0.0
dude_382,-7.52,-7.45,-7.2,-8.0,0.0
dude_383,-7.3,-7.3,-6.9,-7.7,0.0
dude_384,-7.13,-7.1,-6.8,-7.3,0.0
dude_385,-7.5,-7.5,-7.3,-7.9,0.0
dude_386,-7.23,-7.1,-7.0,-7.6,0.0
dude_387,-7.43,-7.3,-7.2,-7.9,0.0
dude_388,-6.56,-6.5,-6.3,-6.7,0.0
dude_389,-7.16,-7.0,-6.9,-7.9,0.0
dude_39,-9.08,-8.9,-8.8,-9.8,0.0
dude_390,-6.59,-6.7,-6.4,-6.8,0.0
dude_391,-7.65,-7.55,-7.4,-8.2,0.0
dude_392,-7.86,-7.65,-7.5,-8.8,0.0
dude_393,-8.48,-8.45,-8.3,-8.8,0.0
dude_394,-7.66,-7.6,-7.3,-8.2,0.0
dude_395,-7.59,-7.6,-7.5,-7.7,0.0
dude_396,-6.57,-6.5,-6.3,-7.0,0.0
dude_397,-6.71,-6.7,-6.5,-6.9,0.0
dude_398,-7.03,-7.05,-6.7,-7.5,0.0
dude_399,-7.6,-7.5,-7.3,-8.4,0.0
dude_4,-7.48,-7.4,-7.3,-7.8,0.0
dude_40,-7.05,-7.0,-6.8,-7.3,0.0
dude_400,-7.4,-7.45,-7.1,-7.6,0.0
dude_401,-6.67,-6.7,-6.3,-7.0,0.0
dude_402,-6.79,-6.7,-6.5,-7.2,0.0
dude_403,-6.69,-6.6,-6.4,-7.3,0.0
dude_404,-6.74,-6.65,-6.5,-7.4,0.0
dude_405,-7.02,-7.0,-6.9,-7.2,0.0
dude_406,-6.6,-6.5,-6.4,-7.0,0.0
dude_407,-6.39,-6.3,-6.0,-6.8,0.0
dude_408,-6.95,-6.8,-6.7,-7.7,0.0
dude_409,-7.05,-6.9,-6.7,-7.6,0.0
dude_41,-8.15,-8.0,-7.5,-9.9,0.0
dude_410,-5.99,-5.95,-5.8,-6.2,0.0
dude_411,-6.59,-6.65,-6.3,-6.8,0.0
dude_412,-6.7,-6.6,-6.4,-7.1,0.0
dude_413,-6.59,-6.4,-6.2,-7.6,0.0
dude_414,-7.01,-7.1,-6.7,-7.2,0.0
dude_415,-7.02,-7.05,-6.7,-7.3,0.0
dude_416,-7.12,-7.15,-6.8,-7.4,0.0
dude_417,-7.36,-7.3,-7.0,-7.9,0.0
dude_418,-6.77,-6.6,-6.5,-7.3,0.0
dude_419,-6.44,-6.6,-6.0,-6.7,0.0
dude_42,-8.4,-8.5,-7.7,-9.0,0.0
dude_420,-6.18,-6.2,-6.0,-6.4,0.0
dude_421,-6.3,-6.3,-6.1,-6.5,0.0
dude_422,-6.27,-6.2,-6.1,-6.7,0.0
dude_423,-7.54,-7.5,-7.2,-7.9,0.0
dude_424,-6.93,-6.85,-6.7,-7.3,0.0
dude_425,-7.25,-7.2,-7.0,-7.6,0.0
dude_426,-6.71,-6.7,-6.5,-7.0,0.0
dude_427,-8.2,-8.1,-7.9,-8.5,0.0
dude_428,-6.96,-6.6,-6.5,-7.7,0.0
dude_429,-7.55,-7.55,-7.2,-8.0,0.0
dude_43,-8.3,-8.2,-8.1,-8.7,0.0
dude_430,-7.6,-7.6,-7.3,-7.9,0.0
dude_431,-6.84,-6.8,-6.6,-7.1,0.0
dude_432,-6.52,-6.55,-6.4,-6.6,0.0
dude_433,-7.85,-7.75,-7.6,-8.5,0.0
dude_434,-7.3,-7.3,-7.0,-7.7,0.0
dude_435,-6.43,-6.4,-6.3,-6.8,0.0
dude_436,-6.83,-6.7,-6.4,-7.3,0.0
dude_437,-7.0,-6.95,-6.8,-7.4,0.0
dude_438,-6.77,-6.7,-6.2,-7.3,0.0
dude_439,-7.5,-7.45,-7.3,-7.8,0.0
dude_44,-7.91,-7.85,-7.7,-8.5,0.0
dude_440,-6.88,-6.85,-6.7,-7.3,0.0
dude_441,-7.14,-7.15,-6.9,-7.4,0.0
dude_442,-7.5,-7.4,-7.2,-8.0,0.0
dude_443,-7.77,-7.75,-7.4,-8.2,0.0
dude_444,-5.77,-5.7,-5.6,-6.0,0.0
dude_445,-7.03,-7.0,-6.8,-7.4,0.0
dude_446,-6.24,-6.25,-6.1,-6.4,0.0
dude_447,-6.82,-6.9,-6.5,-7.3,0.0
dude_448,-6.74,-6.75,-6.5,-7.0,0.0
dude_449,-6.35,-6.35,-6.1,-6.7,0.0
dude_45,-7.58,-7.6,-7.4,-7.8,0.0
dude_450,-7.15,-7.05,-6.8,-7.9,0.0
dude_451,-7.3,-7.3,-7.1,-7.4,0.0
dude_452,-7.18,-7.1,-6.9,-7.5,0.0
dude_453,-7.33,-7.3,-7.0,-7.7,0.0
dude_454,-7.18,-7.1,-6.9,-7.8,0.0
dude_455,-7.01,-7.1,-6.7,-7.3,0.0
dude_456,-7.45,-7.45,-7.1,-7.8,0.0
dude_457,-7.82,-7.9,-7.5,-8.2,0.0
dude_458,-8.08,-8.1,-7.8,-8.3,0.0
dude_459,-8.26,-8.2,-7.9,-8.6,0.0
dude_46,-6.8,-6.8,-6.5,-7.1,0.0
dude_460,-7.26,-7.3,-7.0,-7.6,0.0
dude_461,-7.41,-7.35,-7.1,-8.3,0.0
dude_462,-7.08,-7.1,-6.9,-7.2,0.0
dude_463,-7.92,-7.8,-7.6,-8.5,0.0
dude_464,-7.85,-7.95,-7.5,-8.1,0.0
dude_465,-6.85,-6.7,-6.6,-7.3,0.0
dude_466,-7.28,-7.3,-7.0,-7.5,0.0
dude_467,-6.65,-6.6,-6.4,-7.0,0.0
dude_468,-7.42,-7.4,-7.1,-7.6,0.0
dude_469,-7.94,-7.9,-7.7,-8.3,0.0
dude_47,-8.47,-8.2,-7.8,-9.1,0.0
dude_470,-7.5,-7.45,-7.3,-8.0,0.0
dude_471,-7.27,-7.2,-6.8,-7.6,0.0
dude_472,-7.42,-7.4,-7.2,-7.7,0.0
dude_473,-6.72,-6.6,-6.5,-7.4,0.0
dude_474,-7.06,-7.0,-6.9,-7.7,0.0
dude_475,-7.35,-7.3,-7.0,-7.9,0.0
dude_476,-6.39,-6.4,-6.2,-6.6,0.0
dude_477,-8.0,-7.9,-7.5,-8.6,0.0
dude_478,-7.27,-7.2,-6.9,-7.6,0.0
dude_479,-6.18,-6.05,-6.0,-6.6,0.0
dude_48,-7.24,-7.1,-7.0,-7.7,0.0
dude_480,-7.16,-7.1,-6.8,-7.7,0.0
dude_481,-7.6,-7.5,-7.3,-8.0,0.0
dude_482,-7.74,-7.6,-7.5,-8.3,0.0
dude_483,-7.08,-7.1,-6.9,-7.3,0.0
dude_484,-6.99,-6.95,-6.5,-7.5,0.0
dude_485,-7.01,-7.0,-6.8,-7.4,0.0
dude_486,-6.98,-6.95,-6.8,-7.6,0.0
dude_487,-7.38,-7.2,-7.1,-8.2,0.0
dude_488,-7.12,-7.1,-6.9,-7.5,0.0
dude_489,-7.58,-7.5,-7.3,-7.9,0.0
dude_49,-7.25,-7.2,-7.0,-7.6,0.0
dude_490,-7.52,-7.5,-7.2,-8.1,0.0
dude_491,-7.69,-7.6,-7.2,-8.4,0.0
dude_492,-7.14,-7.1,-7.0,-7.6,0.0
dude_493,-6.37,-6.3,-6.2,-6.7,0.0
dude_494,-6.6,-6.55,-6.3,-7.1,0.0
dude_495,-7.46,-7.3,-7.0,-8.0,0.0
dude_496,-7.22,-7.1,-6.8,-7.7,0.0
dude_497,-7.64,-7.7,-7.4,-8.2,0.0
dude_498,-7.08,-7.1,-6.7,-7.5,0.0
dude_499,-6.69,-6.7,-6.4,-7.2,0.0
dude_5,-7.08,-7.0,-6.8,-7.4,0.0
dude_50,-8.47,-8.4,-8.0,-9.1,0.0
dude_500,-7.95,-7.9,-7.6,-8.4,0.0
dude_501,-6.67,-6.7,-6.4,-7.0,0.0
dude_502,-6.54,-6.5,-6.4,-6.7,0.0
dude_503,-6.36,-6.3,-6.1,-6.6,0.0
dude_504,-6.84,-6.6,-6.4,-7.8,0.0
dude_505,-6.37,-6.3,-6.1,-6.9,0.0
dude_506,-6.09,-6.1,-5.8,-6.3,0.0
dude_507,-6.82,-6.75,-6.6,-7.2,0.0
dude_508,-6.99,-6.95,-6.8,-7.3,0.0
dude_509,-6.07,-6.0,-5.8,-6.7,0.0
dude_51,-8.67,-8.5,-8.4,-9.6,0.0
dude_510,-6.2,-6.1,-6.0,-6.7,0.0
dude_511,-6.86,-6.75,-6.6,-7.6,0.0
dude_512,-6.48,-6.5,-6.2,-6.7,0.0
dude_513,-6.82,-6.9,-6.4,-7.1,0.0
dude_514,-6.82,-6.9,-6.6,-7.1,0.0
dude_515,-6.36,-6.35,-6.1,-6.7,0.0
dude_516,-7.16,-7.1,-6.8,-7.7,0.0
dude_517,-8.05,-7.9,-7.7,-8.5,0.0
dude_518,-6.89,-6.85,-6.6,-7.5,0.0
dude_519,-7.06,-7.1,-6.9,-7.2,0.0
dude_52,-7.46,-7.45,-7.2,-8.0,0.0
dude_520,-6.18,-6.2,-5.8,-6.5,0.0
dude_521,-6.96,-6.9,-6.6,-7.6,0.0
dude_522,-6.88,-6.9,-6.8,-7.0,0.0
dude_523,-6.57,-6.5,-6.4,-6.9,0.0
dude_524,-7.38,-7.4,-6.9,-7.8,0.0
dude_525,-6.69,-6.7,-6.3,-6.9,0.0
dude_526,-6.83,-6.8,-6.6,-7.0,0.0
dude_527,-7.08,-7.05,-6.9,-7.3,0.0
dude_528,-7.44,-7.45,-7.3,-7.6,0.0
dude_529,-7.05,-7.1,-6.9,-7.3,0.0
dude_53,-7.79,-7.75,-7.4,-8.5,0.0
dude_530,-6.57,-6.55,-6.3,-6.9,0.0
dude_531,-7.11,-7.1,-6.9,-7.5,0.0
dude_532,-6.61,-6.6,-6.4,-6.8,0.0
dude_533,-6.95,-6.9,-6.6,-7.5,0.0
dude_534,-7.48,-7.25,-7.0,-8.6,0.0
dude_535,-7.87,-7.75,-7.5,-8.3,0.0
dude_536,-7.19,-7.1,-6.8,-7.7,0.0
dude_537,-6.72,-6.6,-6.4,-7.8,0.0
dude_538,-7.45,-7.4,-7.1,-8.1,0.0
dude_539,-6.49,-6.45,-6.3,-6.8,0.0
dude_54,-7.5,-7.4,-7.3,-8.1,0.0
dude_540,-7.3,-7.2,-7.1,-7.9,0.0
dude_541,-6.94,-6.95,-6.7,-7.2,0.0
dude_542,-7.1,-7.1,-6.8,-7.4,0.0
dude_543,-6.9,-6.9,-6.6,-7.3,0.0
dude_544,-6.81,-6.8,-6.4,-7.5,0.0
dude_545,-7.18,-7.1,-6.9,-7.5,0.0
dude_546,-7.06,-7.1,-6.8,-7.3,0.0
dude_547,-7.98,-7.9,-7.7,-8.7,0.0
dude_548,-6.53,-6.4,-6.3,-6.9,0.0
dude_549,-7.6,-7.7,-7.2,-7.9,0.0
dude_55,-7.98,-7.8,-7.6,-8.4,0.0
dude_550,-7.9,-7.85,-7.5,-8.3,0.0
dude_551,-7.38,-7.4,-7.0,-7.7,0.0
dude_552,-7.45,-7.5,-7.0,-7.8,0.0
dude_553,-7.03,-6.9,-6.8,-7.5,0.0
dude_554,-7.06,-7.0,-6.7,-7.5,0.0
dude_555,-7.43,-7.45,-7.2,-7.6,0.0
dude_556,-7.38,-7.3,-7.3,-7.6,0.0
dude_557,-7.52,-7.55,-7.2,-7.8,0.0
dude_558,-7.18,-7.15,-7.0,-7.6,0.0
dude_559,-7.12,-7.3,-6.6,-7.4,0.0
dude_56,-8.4,-8.3,-8.1,-8.9,0.0
dude_560,-7.25,-7.2,-6.9,-7.5,0.0
dude_561,-7.59,-7.6,-7.3,-7.9,0.0
dude_562,-7.1,-7.1,-6.8,-7.4,0.0
dude_563,-7.57,-7.45,-7.1,-8.2,0.0
dude_564,-7.64,-7.6,-7.5,-8.1,0.0
dude_565,-6.97,-6.95,-6.7,-7.3,0.0
dude_566,-7.8,-7.85,-7.5,-8.0,0.0
dude_567,-7.76,-7.7,-7.4,-8.3,0.0
dude_568,-7.45,-7.4,-7.2,-7.9,0.0
dude_569,-8.27,-8.3,-8.0,-8.6,0.0
dude_57,-7.04,-7.0,-6.9,-7.3,0.0
dude_570,-6.8,-6.8,-6.4,-7.3,0.0
dude_571,-7.26,-7.2,-7.0,-7.7,0.0
dude_572,-7.03,-7.0,-6.8,-7.3,0.0
dude_573,-7.68,-7.6,-7.5,-8.3,0.0
dude_574,-7.88,-7.8,-7.6,-8.6,0.0
dude_575,-7.71,-7.7,-7.3,-8.2,0.0
dude_576,-7.7,-7.7,-7.5,-7.9,0.0
dude_577,-7.64,-7.6,-7.5,-7.8,0.0
dude_578,-7.6,-7.6,-7.3,-8.0,0.0
dude_579,-7.34,-7.3,-7.2,-7.6,0.0
dude_58,-7.46,-7.45,-7.4,-7.6,0.0
dude_580,-6.36,-6.3,-6.2,-6.9,0.0
dude_581,-7.64,-7.7,-7.3,-7.9,0.0
dude_582,-7.69,-7.7,-7.4,-8.0,0.0
dude_583,-6.87,-6.9,-6.6,-7.1,0.0
dude_584,-7.02,-6.9,-6.9,-7.5,0.0
dude_585,-7.32,-7.3,-7.0,-7.8,0.0
dude_586,-7.64,-7.5,-7.1,-8.2,0.0
dude_587,-7.12,-7.05,-6.9,-7.5,0.0
dude_588,-8.09,-8.1,-7.8,-8.6,0.0
dude_589,-8.12,-8.1,-7.9,-8.6,0.0
dude_59,-7.81,-7.8,-7.6,-8.1,0.0
dude_590,-6.72,-6.7,-6.5,-7.0,0.0
dude_591,-7.17,-7.2,-6.8,-7.7,0.0
dude_592,-7.27,-7.2,-7.0,-7.8,0.0
dude_593,-7.64,-7.55,-7.5,-8.1,0.0
dude_594,-7.16,-7.3,-6.9,-7.4,0.0
dude_595,-8.23,-8.15,-7.8,-9.0,0.0
dude_596,-6.07,-6.0,-5.9,-6.4,0.0
dude_597,-6.78,-6.8,-6.5,-7.0,0.0
dude_598,-8.13,-8.1,-7.8,-8.5,0.0
dude_599,-8.3,-8.3,-7.9,-8.7,0.0
dude_6,-8.15,-7.9,-7.8,-8.9,0.0
dude_60,-7.1,-7.1,-6.8,-7.5,0.0
dude_600,-7.18,-7.2,-6.9,-7.5,0.0
dude_601,-6.91,-6.9,-6.7,-7.1,0.0
dude_602,-6.59,-6.45,-6.3,-7.1,0.0
dude_603,-6.53,-6.5,-6.3,-6.9,0.0
dude_604,-6.93,-6.8,-6.7,-7.5,0.0
dude_605,-6.5,-6.5,-6.4,-6.8,0.0
dude_606,-6.89,-6.8,-6.7,-7.1,0.0
dude_607,-6.72,-6.65,-6.6,-7.0,0.0
dude_608,-7.22,-7.2,-7.1,-7.4,0.0
dude_609,-5.94,-5.9,-5.8,-6.1,0.0
dude_61,-7.63,-7.4,-7.3,-8.5,0.0
dude_610,-6.43,-6.4,-6.2,-6.8,0.0
dude_611,-6.18,-6.2,-5.9,-6.6,0.0
dude_612,-6.56,-6.6,-6.3,-6.8,0.0
dude_613,-6.98,-6.9,-6.7,-7.7,0.0
dude_614,-6.18,-6.2,-6.1,-6.3,0.0
dude_615,-6.41,-6.4,-6.1,-6.7,0.0
dude_616,-6.56,-6.5,-6.4,-6.8,0.0
dude_617,-6.45,-6.45,-6.2,-6.7,0.0
dude_618,-6.53,-6.5,-6.3,-6.9,0.0
dude_619,-6.83,-6.8,-6.6,-7.1,0.0
dude_62,-8.15,-8.1,-7.6,-8.9,0.0
dude_620,-5.97,-6.0,-5.8,-6.1,0.0
dude_621,-6.88,-6.85,-6.7,-7.1,0.0
dude_622,-6.19,-6.2,-6.0,-6.4,0.0
dude_623,-7.18,-7.2,-6.9,-7.5,0.0
dude_624,-6.55,-6.5,-6.3,-6.8,0.0
dude_625,-6.75,-6.75,-6.5,-7.0,0.0
dude_626,-7.37,-7.2,-7.0,-8.0,0.0
dude_627,-7.23,-7.2,-7.1,-7.7,0.0
dude_628,-6.41,-6.4,-6.1,-6.8,0.0
dude_629,-6.61,-6.55,-6.5,-6.8,0.0
dude_63,-7.65,-7.7,-7.2,-8.1,0.0
dude_630,-7.56,-7.4,-7.1,-8.0,0.0
dude_631,-7.15,-7.1,-6.9,-7.8,0.0
dude_632,-6.07,-6.0,-5.9,-6.5,0.0
dude_633,-7.69,-7.6,-7.4,-8.3,0.0
dude_634,-6.16,-6.1,-5.9,-6.4,0.0
dude_635,-7.7,-7.65,-7.4,-8.1,0.0
dude_636,-6.4,-6.35,-6.2,-6.7,0.0
dude_637,-7.1,-7.1,-6.9,-7.3,0.0
dude_638,-6.63,-6.6,-6.4,-7.0,0.0
dude_639,-7.48,-7.35,-7.2,-8.0,0.0
dude_64,-7.78,-7.75,-7.4,-8.2,0.0
dude_640,-5.64,-5.6,-5.5,-5.9,0.0
dude_641,-5.91,-5.9,-5.7,-6.1,0.0
dude_642,-6.42,-6.4,-6.3,-6.5,0.0
dude_643,-7.01,-6.9,-6.9,-7.3,0.0
dude_644,-6.41,-6.45,-6.2,-6.7,0.0
dude_645,-6.42,-6.4,-6.2,-6.8,0.0
dude_646,-7.36,-7.3,-7.1,-8.3,0.0
dude_647,-6.23,-6.2,-5.9,-6.6,0.0
dude_648,-7.03,-7.0,-6.8,-7.3,0.0
dude_649,-6.76,-6.7,-6.4,-7.4,0.0
dude_65,-7.99,-7.8,-7.7,-8.5,0.0
dude_650,-6.89,-6.9,-6.7,-7.2,0.0
dude_651,-7.3,-7.25,-6.9,-7.7,0.0
dude_652,-7.25,-7.2,-7.0,-7.5,0.0
dude_653,-7.95,-7.85,-7.6,-8.7,0.0
dude_654,-7.28,-7.3,-7.1,-7.5,0.0
dude_655,-7.2,-7.15,-6.6,-7.7,0.0
dude_656,-8.25,-8.15,-7.8,-9.1,0.0
dude_657,-7.23,-7.15,-6.9,-8.1,0.0
dude_658,-7.25,-7.2,-7.0,-7.7,0.0
dude_659,-7.69,-7.6,-7.4,-8.2,0.0
dude_66,-8.34,-8.3,-8.1,-8.7,0.0
dude_660,-8.02,-7.9,-7.7,-8.4,0.0
dude_661,-7.68,-7.6,-7.3,-8.5,0.0
dude_662,-7.59,-7.55,-7.2,-8.1,0.0
dude_663,-7.0,-6.9,-6.8,-7.3,0.0
dude_664,-7.18,-7.2,-7.0,-7.3,0.0
dude_665,-6.87,-6.8,-6.6,-7.1,0.0
dude_666,-6.14,-6.1,-6.0,-6.4,0.0
dude_667,-7.53,-7.4,-7.2,-8.1,0.0
dude_668,-6.44,-6.4,-6.2,-6.8,0.0
dude_669,-7.25,-7.25,-6.8,-7.7,0.0
dude_67,-7.88,-7.8,-7.6,-8.4,0.0
dude_670,-7.13,-7.1,-6.9,-7.4,0.0
dude_671,-7.66,-7.6,-7.4,-7.9,0.0
dude_672,-7.55,-7.4,-7.2,-8.1,0.0
dude_673,-6.43,-6.3,-6.1,-7.1,0.0
dude_674,-7.86,-7.85,-7.6,-8.2,0.0
dude_675,-6.76,-6.8,-6.4,-7.1,0.0
dude_676,-7.31,-7.25,-7.0,-8.1,0.0
dude_677,-7.2,-7.1,-6.7,-7.8,0.0
dude_678,-7.03,-7.0,-6.8,-7.5,0.0
dude_679,-7.11,-7.1,-6.8,-7.4,0.0
dude_68,-7.63,-7.6,-7.5,-7.9,0.0
dude_680,-7.1,-7.1,-6.8,-7.4,0.0
dude_681,-6.9,-6.9,-6.7,-7.0,0.0
dude_682,-6.99,-6.9,-6.6,-7.7,0.0
dude_683,-7.1,-7.0,-6.8,-7.7,0.0
dude_684,-6.13,-6.1,-6.0,-6.4,0.0
dude_685,-6.69,-6.7,-6.5,-6.9,0.0
dude_686,-6.39,-6.4,-6.2,-6.6,0.0
dude_687,-6.95,-6.9,-6.8,-7.2,0.0
dude_688,-6.41,-6.35,-6.2,-6.8,0.0
dude_689,-7.48,-7.6,-6.7,-8.1,0.0
dude_69,-8.34,-8.3,-7.8,-8.9,0.0
dude_690,-6.38,-6.4,-6.1,-6.6,0.0
dude_691,-7.92,-8.0,-7.7,-8.1,0.0
dude_692,-7.2,-7.3,-6.8,-7.7,0.0
dude_693,-6.19,-6.1,-6.0,-6.4,0.0
dude_694,-6.54,-6.5,-6.3,-6.9,0.0
dude_695,-7.09,-7.05,-7.0,-7.3,0.0
dude_696,-6.76,-6.8,-6.5,-7.1,0.0
dude_697,-6.75,-6.65,-6.6,-7.2,0.0
dude_698,-7.46,-7.4,-7.3,-7.8,0.0
dude_699,-6.0,-5.9,-5.8,-6.5,0.0
dude_7,-8.36,-8.0,-7.9,-9.3,0.0
dude_70,-8.54,-8.5,-8.3,-8.8,0.0
dude_700,-7.37,-7.3,-7.1,-7.9,0.0
dude_701,-7.17,-7.1,-7.0,-7.4,0.0
dude_702,-7.32,-7.2,-7.0,-7.7,0.0
dude_703,-7.32,-7.35,-7.2,-7.4,0.0
dude_704,-6.98,-6.95,-6.8,-7.3,0.0
dude_705,-5.85,-5.8,-5.5,-6.3,0.0
dude_706,-7.1,-6.95,-6.7,-7.8,0.0
dude_707,-7.12,-7.1,-6.9,-7.4,0.0
dude_708,-7.07,-7.0,-6.8,-8.0,0.0
dude_709,-7.07,-7.0,-6.7,-7.6,0.0
dude_71,-7.97,-7.9,-7.8,-8.3,0.0
dude_710,-6.95,-6.9,-6.7,-7.4,0.0
dude_711,-7.31,-7.25,-7.1,-7.6,0.0
dude_712,-6.0,-5.9,-5.8,-6.3,0.0
dude_713,-7.07,-6.9,-6.7,-7.9,0.0
dude_714,-6.37,-6.4,-6.1,-6.6,0.0
dude_715,-6.57,-6.55,-6.3,-6.8,0.0
dude_716,-7.86,-7.8,-7.6,-8.3,0.0
dude_717,-6.76,-6.7,-6.4,-7.2,0.0
dude_718,-7.31,-7.2,-7.0,-7.9,0.0
dude_719,-7.25,-7.2,-7.1,-7.5,0.0
dude_72,-8.61,-8.7,-8.0,-9.5,0.0
dude_720,-7.41,-7.3,-7.2,-7.9,0.0
dude_721,-6.83,-6.8,-6.6,-7.3,0.0
dude_722,-7.43,-7.4,-7.1,-7.9,0.0
dude_723,-7.54,-7.5,-7.2,-8.0,0.0
dude_724,-6.84,-6.9,-6.5,-7.3,0.0
dude_725,-6.78,-6.8,-6.5,-7.0,0.0
dude_726,-6.36,-6.4,-6.1,-6.7,0.0
dude_727,-7.1,-7.1,-6.9,-7.4,0.0
dude_728,-6.36,-6.3,-6.1,-7.1,0.0
dude_729,-7.48,-7.45,-7.2,-7.8,0.0
dude_73,-7.41,-7.5,-7.2,-7.6,0.0
dude_730,-7.48,-7.5,-7.2,-7.8,0.0
dude_731,-5.69,-5.7,-5.5,-5.9,0.0
dude_732,-7.31,-7.3,-6.9,-7.8,0.0
dude_733,-7.23,-7.3,-6.8,-7.5,0.0
dude_734,-6.3,-6.2,-6.1,-6.7,0.0
dude_735,-6.52,-6.5,-6.4,-6.7,0.0
dude_736,-6.68,-6.65,-6.5,-6.9,0.0
dude_737,-6.4,-6.4,-6.2,-6.7,0.0
dude_738,-6.23,-6.2,-5.9,-6.9,0.0
dude_739,-6.56,-6.6,-6.4,-6.9,0.0
dude_74,-8.32,-8.3,-7.9,-8.8,0.0
dude_740,-6.86,-6.8,-6.6,-7.3,0.0
dude_741,-7.75,-7.75,-7.5,-8.0,0.0
dude_742,-7.61,-7.6,-7.4,-7.9,0.0
dude_743,-6.99,-6.9,-6.7,-7.6,0.0
dude_744,-6.44,-6.5,-6.2,-6.7,0.0
dude_745,-6.81,-6.7,-6.6,-7.4,0.0
dude_746,-7.5,-7.45,-7.3,-7.8,0.0
dude_747,-6.86,-6.9,-6.6,-7.2,0.0
dude_748,-7.45,-7.4,-7.0,-7.9,0.0
dude_749,-7.05,-7.05,-6.9,-7.3,0.0
dude_75,-8.07,-8.1,-7.8,-8.4,0.0
dude_750,-6.02,-6.0,-5.8,-6.3,0.0
dude_751,-6.7,-6.7,-6.4,-7.1,0.0
dude_752,-6.78,-6.65,-6.5,-7.2,0.0
dude_753,-6.83,-6.8,-6.7,-7.1,0.0
dude_754,-7.16,-6.9,-6.8,-7.6,0.0
dude_755,-8.02,-8.1,-7.8,-8.3,0.0
dude_756,-7.52,-7.45,-7.3,-7.8,0.0
dude_757,-7.18,-7.15,-7.0,-7.5,0.0
dude_758,-6.28,-6.2,-6.1,-6.6,0.0
dude_759,-7.35,-7.25,-6.9,-8.2,0.0
dude_76,-7.78,-7.85,-7.2,-8.3,0.0
dude_760,-7.26,-7.3,-6.8,-7.7,0.0
dude_761,-6.65,-6.55,-6.4,-7.3,0.0
dude_762,-6.79,-6.7,-6.5,-7.4,0.0
dude_763,-7.38,-7.3,-7.1,-8.0,0.0
dude_764,-7.56,-7.4,-7.1,-8.5,0.0
dude_765,-7.36,-7.35,-7.2,-7.6,0.0
dude_766,-7.04,-7.0,-6.8,-7.4,0.0
dude_767,-6.63,-6.6,-6.5,-6.8,0.0
dude_768,-6.82,-6.8,-6.5,-7.2,0.0
dude_769,-7.11,-7.1,-6.9,-7.4,0.0
dude_77,-7.76,-7.7,-7.5,-8.3,0.0
dude_770,-7.44,-7.4,-6.9,-8.1,0.0
dude_771,-6.77,-6.75,-6.6,-6.9,0.0
dude_772,-7.36,-7.4,-7.1,-7.7,0.0
dude_773,-7.55,-7.5,-7.3,-7.9,0.0
dude_774,-7.2,-7.2,-6.9,-7.6,0.0
dude_775,-7.86,-7.8,-7.5,-8.3,0.0
dude_776,-7.39,-7.4,-7.2,-7.6,0.0
dude_777,-6.46,-6.4,-6.2,-7.0,0.0
dude_778,-6.4,-6.4,-6.0,-6.8,0.0
dude_779,-6.92,-6.9,-6.7,-7.3,0.0
dude_78,-8.13,-8.1,-7.9,-8.8,0.0
dude_780,-7.29,-7.3,-7.0,-7.8,0.0
dude_781,-7.58,-7.6,-7.4,-7.8,0.0
dude_782,-6.98,-6.8,-6.6,-8.1,0.0
dude_783,-8.31,-8.25,-8.1,-8.6,0.0
dude_784,-7.33,-7.3,-7.0,-7.7,0.0
dude_785,-8.18,-8.1,-7.9,-8.5,0.0
dude_786,-7.65,-7.5,-7.4,-8.2,0.0
dude_787,-7.3,-7.2,-7.0,-7.9,0.0
dude_788,-7.16,-7.05,-6.9,-7.8,0.0
dude_789,-6.75,-6.75,-6.5,-7.2,0.0
dude_79,-8.46,-8.5,-8.2,-8.8,0.0
dude_790,-6.86,-6.9,-6.6,-7.1,0.0
dude_791,-7.24,-7.15,-7.0,-7.8,0.0
dude_792,-6.86,-6.85,-6.5,-7.4,0.0
dude_793,-7.0,-6.9,-6.6,-7.4,0.0
dude_794,-7.49,-7.4,-7.3,-7.9,0.0
dude_795,-7.23,-7.2,-6.9,-7.5,0.0
dude_796,-7.06,-7.0,-6.6,-7.9,0.0
dude_797,-6.48,-6.5,-6.2,-6.8,0.0
dude_798,-6.41,-6.35,-6.1,-6.9,0.0
dude_799,-7.55,-7.5,-7.2,-7.9,0.0
dude_8,-7.8,-7.8,-7.5,-8.0,0.0
dude_80,-7.17,-7.1,-6.9,-7.6,0.0
dude_800,-6.77,-6.75,-6.6,-7.0,0.0
dude_801,-7.49,-7.6,-7.1,-7.8,0.0
dude_802,-6.51,-6.6,-6.2,-6.8,0.0
dude_803,-6.65,-6.6,-6.4,-7.1,0.0
dude_804,-6.94,-6.95,-6.7,-7.1,0.0
dude_805,-6.48,-6.5,-6.3,-6.8,0.0
dude_806,-6.83,-6.85,-6.6,-7.2,0.0
dude_807,-7.33,-7.3,-6.9,-7.8,0.0
dude_808,-6.35,-6.3,-6.1,-6.7,0.0
dude_809,-7.17,-7.0,-6.9,-7.7,0.0
dude_81,-7.92,-7.9,-7.7,-8.2,0.0
dude_810,-6.27,-6.3,-6.0,-6.4,0.0
dude_811,-6.13,-6.1,-6.0,-6.5,0.0
dude_812,-6.68,-6.6,-6.4,-7.0,0.0
dude_813,-7.22,-7.25,-6.9,-7.5,0.0
dude_814,-7.2,-7.2,-6.8,-7.5,0.0
dude_815,-6.13,-6.15,-5.9,-6.5,0.0
dude_816,-6.72,-6.7,-6.3,-7.3,0.0
dude_817,-7.01,-7.0,-6.7,-7.4,0.0
dude_818,-6.63,-6.55,-6.4,-7.1,0.0
dude_819,-5.98,-5.9,-5.7,-6.4,0.0
dude_82,-8.74,-8.7,-8.3,-9.1,0.0
dude_820,-7.0,-7.0,-6.7,-7.5,0.0
dude_821,-7.2,-7.1,-6.9,-7.9,0.0
dude_822,-7.1,-7.2,-6.7,-7.3,0.0
dude_823,-7.21,-7.0,-6.8,-7.9,0.0
dude_824,-6.57,-6.55,-6.2,-6.9,0.0
dude_825,-6.11,-6.1,-5.9,-6.5,0.0
dude_826,-6.24,-6.2,-6.1,-6.5,0.0
dude_827,-6.49,-6.4,-6.2,-7.0,0.0
dude_828,-7.28,-7.3,-6.9,-7.6,0.0
dude_829,-6.96,-6.9,-6.7,-7.4,0.0
dude_83,-8.13,-8.1,-7.9,-8.5,0.0
dude_830,-7.24,-7.2,-7.0,-7.8,0.0
dude_831,-7.52,-7.5,-7.0,-8.3,0.0
dude_832,-6.64,-6.65,-6.5,-6.9,0.0
dude_833,-6.52,-6.5,-6.3,-6.8,0.0
dude_834,-7.23,-7.2,-7.0,-7.4,0.0
dude_835,-7.15,-7.15,-6.6,-7.7,0.0
dude_836,-6.63,-6.6,-6.4,-7.1,0.0
dude_837,-6.74,-6.7,-6.6,-7.1,0.0
dude_838,-6.22,-6.1,-5.9,-6.9,0.0
dude_839,-6.33,-6.25,-6.1,-6.9,0.0
dude_84,-8.04,-8.05,-7.7,-8.4,0.0
dude_840,-6.3,-6.3,-6.1,-6.5,0.0
dude_841,-6.81,-6.85,-6.5,-7.0,0.0
dude_842,-5.84,-5.8,-5.7,-6.1,0.0
dude_843,-7.01,-6.9,-6.6,-7.6,0.0
dude_844,-6.47,-6.5,-6.2,-6.7,0.0
dude_845,-6.99,-6.95,-6.6,-7.3,0.0
dude_846,-7.43,-7.5,-7.1,-7.8,0.0
dude_847,-6.91,-6.85,-6.6,-7.3,0.0
dude_848,-6.68,-6.7,-6.5,-6.9,0.0
dude_849,-5.99,-6.0,-5.8,-6.2,0.0
dude_85,-8.22,-8.2,-7.9,-8.7,0.0
dude_850,-6.65,-6.6,-6.5,-6.8,0.0
dude_851,-7.29,-7.35,-7.1,-7.5,0.0
dude_852,-7.14,-7.0,-6.9,-7.7,0.0
dude_853,-6.83,-6.9,-6.4,-7.3,0.0
dude_854,-7.54,-7.4,-7.2,-8.2,0.0
dude_855,-7.99,-8.1,-7.3,-8.7,0.0
dude_856,-7.04,-7.0,-6.8,-7.4,0.0
dude_857,-6.87,-6.8,-6.7,-7.1,0.0
dude_858,-7.31,-7.2,-7.0,-7.8,0.0
dude_859,-7.38,-7.4,-7.0,-7.7,0.0
dude_86,-8.33,-8.45,-7.9,-8.8,0.0
dude_860,-8.24,-8.15,-7.7,-9.1,0.0
dude_861,-7.63,-7.65,-7.5,-7.8,0.0
dude_862,-7.93,-8.0,-7.6,-8.2,0.0
dude_863,-7.7,-7.55,-7.4,-8.3,0.0
dude_864,-7.2,-7.1,-6.9,-7.5,0.0
dude_865,-7.57,-7.55,-7.3,-8.1,0.0
dude_866,-7.18,-7.05,-6.9,-7.7,0.0
dude_867,-7.16,-7.1,-7.0,-7.4,0.0
dude_868,-7.81,-7.8,-7.4,-8.7,0.0
dude_869,-7.86,-7.9,-7.4,-8.2,0.0
dude_87,-8.17,-8.2,-7.9,-8.4,0.0
dude_870,-8.65,-8.45,-8.2,-9.8,0.0
dude_871,-7.81,-7.7,-7.5,-8.2,0.0
dude_872,-7.53,-7.6,-7.3,-7.8,0.0
dude_873,-7.5,-7.45,-7.1,-8.0,0.0
dude_874,-7.59,-7.6,-7.3,-8.0,0.0
dude_875,-7.72,-7.8,-7.3,-8.0,0.0
dude_876,-7.98,-7.9,-7.7,-8.4,0.0
dude_877,-7.09,-7.1,-6.9,-7.3,0.0
dude_878,-7.66,-7.6,-7.3,-8.2,0.0
dude_879,-7.75,-7.7,-7.5,-8.4,0.0
dude_88,-8.88,-8.9,-8.6,-9.3,0.0
dude_880,-6.88,-6.9,-6.5,-7.2,0.0
dude_881,-6.67,-6.6,-6.5,-7.2,0.0
dude_882,-8.68,-8.6,-8.4,-9.2,0.0
dude_883,-7.95,-7.85,-7.6,-8.5,0.0
dude_884,-7.5,-7.5,-7.3,-7.7,0.0
dude_885,-7.67,-7.7,-7.5,-7.8,0.0
dude_886,-7.21,-7.1,-6.9,-7.8,0.0
dude_887,-7.85,-7.8,-7.5,-8.4,0.0
dude_888,-6.9,-6.9,-6.6,-7.3,0.0
dude_889,-7.62,-7.6,-7.4,-7.9,0.0
dude_89,-8.52,-8.5,-8.3,-8.9,0.0
dude_890,-7.46,-7.35,-7.2,-8.0,0.0
dude_891,-7.62,-7.6,-7.5,-8.0,0.0
dude_892,-8.15,-8.2,-7.7,-8.6,0.0
dude_893,-7.57,-7.4,-7.4,-8.1,0.0
dude_894,-7.28,-7.25,-7.0,-7.7,0.0
dude_895,-6.82,-6.8,-6.5,-7.0,0.0
dude_896,-7.64,-7.7,-7.1,-8.2,0.0
dude_897,-6.98,-6.9,-6.7,-7.4,0.0
dude_898,-7.97,-7.6,-7.5,-9.2,0.0
dude_899,-8.32,-8.3,-8.0,-8.7,0.0
dude_9,-8.48,-8.55,-8.2,-8.7,0.0
dude_90,-7.61,-7.55,-7.1,-8.2,0.0
dude_900,-7.72,-7.6,-7.5,-8.3,0.0
dude_901,-7.12,-7.05,-6.9,-7.8,0.0
dude_902,-7.5,-7.5,-7.2,-8.0,0.0
dude_903,-6.84,-6.8,-6.6,-7.2,0.0
dude_904,-7.23,-7.1,-6.9,-7.8,0.0
dude_905,-7.27,-7.2,-7.1,-7.8,0.0
dude_906,-6.5,-6.5,-6.3,-6.8,0.0
dude_907,-6.52,-6.6,-6.2,-6.8,0.0
dude_908,-7.43,-7.45,-7.1,-8.3,0.0
dude_909,-6.3,-6.3,-6.0,-6.8,0.0
dude_91,-8.12,-8.2,-7.8,-8.4,0.0
dude_910,-7.35,-7.35,-7.0,-7.8,0.0
dude_911,-7.13,-7.05,-6.9,-7.6,0.0
dude_912,-7.27,-7.15,-6.9,-7.7,0.0
dude_913,-7.74,-7.6,-7.4,-8.2,0.0
dude_914,-7.53,-7.55,-7.1,-8.1,0.0
dude_915,-6.85,-6.8,-6.7,-7.1,0.0
dude_916,-7.06,-6.9,-6.8,-7.8,0.0
dude_917,-6.72,-6.65,-6.4,-7.1,0.0
dude_918,-7.56,-7.5,-7.2,-8.3,0.0
dude_919,-6.24,-6.1,-6.0,-6.9,0.0
dude_92,-8.3,-8.2,-8.1,-8.8,0.0
dude_920,-7.18,-7.2,-6.9,-7.5,0.0
dude_921,-6.57,-6.45,-6.4,-7.0,0.0
dude_922,-6.92,-6.95,-6.7,-7.2,0.0
dude_923,-7.12,-7.0,-6.8,-7.6,0.0
dude_924,-6.67,-6.7,-6.5,-6.8,0.0
dude_925,-6.38,-6.4,-6.2,-6.7,0.0
dude_926,-6.75,-6.75,-6.6,-7.0,0.0
dude_927,-7.72,-7.6,-7.3,-8.8,0.0
dude_928,-7.48,-7.4,-7.2,-7.8,0.0
dude_929,-6.95,-6.95,-6.7,-7.2,0.0
dude_93,-8.0,-8.0,-7.8,-8.2,0.0
dude_930,-7.6,-7.6,-7.4,-7.9,0.0
dude_931,-7.31,-7.3,-7.1,-7.7,0.0
dude_932,-6.61,-6.55,-6.3,-7.1,0.0
dude_933,-6.82,-6.75,-6.6,-7.1,0.0
dude_934,-6.97,-6.85,-6.8,-7.5,0.0
dude_935,-6.95,-6.95,-6.6,-7.4,0.0
dude_936,-6.59,-6.6,-6.4,-6.9,0.0
dude_937,-6.69,-6.7,-6.5,-7.0,0.0
dude_938,-6.89,-6.7,-6.6,-7.5,0.0
dude_939,-6.93,-7.0,-6.7,-7.1,0.0
dude_94,-7.9,-7.9,-7.6,-8.3,0.0
dude_940,-6.97,-6.95,-6.8,-7.2,0.0
dude_941,-7.74,-7.6,-7.3,-8.5,0.0
dude_942,-7.36,-7.3,-7.1,-8.1,0.0
dude_943,-7.84,-7.95,-7.5,-8.1,0.0
dude_944,-6.59,-6.5,-6.3,-7.2,0.0
dude_945,-7.42,-7.4,-7.2,-7.6,0.0
dude_946,-6.31,-6.3,-6.0,-6.6,0.0
dude_947,-6.92,-6.9,-6.7,-7.2,0.0
dude_948,-7.74,-7.7,-7.5,-8.1,0.0
dude_949,-7.5,-7.4,-7.3,-8.0,0.0
dude_95,-8.36,-8.3,-8.1,-8.6,0.0
dude_950,-6.28,-6.2,-6.1,-6.5,0.0
dude_951,-6.81,-6.8,-6.5,-7.2,0.0
dude_952,-6.66,-6.55,-6.3,-7.4,0.0
dude_953,-7.31,-7.2,-7.1,-7.8,0.0
dude_954,-7.08,-7.05,-6.8,-7.4,0.0
dude_955,-6.28,-6.2,-6.1,-6.6,0.0
dude_956,-7.11,-7.1,-6.9,-7.5,0.0
dude_957,-7.49,-7.4,-7.2,-7.9,0.0
dude_958,-6.87,-6.8,-6.6,-7.3,0.0
dude_959,-7.54,-7.5,-7.1,-8.0,0.0
dude_96,-7.4,-7.3,-7.2,-7.9,0.0
dude_960,-7.68,-7.65,-7.4,-8.4,0.0
dude_961,-6.79,-6.7,-6.6,-7.3,0.0
dude_962,-8.22,-8.2,-7.9,-8.5,0.0
dude_963,-7.54,-7.5,-7.3,-7.9,0.0
dude_964,-7.51,-7.4,-7.3,-8.0,0.0
dude_965,-7.37,-7.4,-7.2,-7.5,0.0
dude_966,-6.53,-6.5,-6.3,-6.8,0.0
dude_967,-7.24,-7.4,-6.9,-7.5,0.0
dude_968,-7.11,-7.1,-6.9,-7.6,0.0
dude_969,-7.7,-7.65,-7.6,-8.1,0.0
dude_97,-8.63,-8.5,-8.4,-9.2,0.0
dude_970,-7.51,-7.5,-7.3,-7.8,0.0
dude_971,-6.38,-6.35,-6.3,-6.6,0.0
dude_972,-7.35,-7.3,-7.1,-7.8,0.0
dude_973,-6.53,-6.6,-6.3,-6.8,0.0
dude_974,-7.19,-7.1,-6.9,-7.7,0.0
dude_975,-6.76,-6.7,-6.4,-7.5,0.0
dude_976,-7.26,-7.2,-7.1,-7.8,0.0
dude_977,-7.39,-7.2,-7.1,-8.1,0.0
dude_978,-7.7,-7.6,-7.5,-8.1,0.0
dude_979,-7.09,-7.1,-6.7,-7.5,0.0
dude_98,-8.52,-8.5,-8.2,-9.3,0.0
dude_980,-7.31,-7.3,-7.2,-7.6,0.0
dude_981,-7.11,-7.1,-6.8,-7.5,0.0
dude_982,-7.54,-7.5,-7.3,-7.8,0.0
dude_983,-6.46,-6.4,-6.1,-6.9,0.0
dude_984,-6.34,-6.35,-5.9,-7.0,0.0
dude_985,-7.65,-7.6,-7.3,-8.0,0.0
dude_986,-8.08,-8.0,-7.8,-8.5,0.0
dude_987,-6.75,-6.75,-6.5,-7.1,0.0
dude_988,-7.12,-7.05,-7.0,-7.4,0.0
dude_989,-5.41,-5.3,-5.3,-5.7,0.0
dude_99,-7.27,-7.2,-7.1,-7.9,0.0
dude_990,-6.23,-6.2,-6.1,-6.5,0.0
dude_991,-6.71,-6.7,-6.5,-7.2,0.0
dude_992,-6.81,-6.8,-6.7,-7.0,0.0
dude_993,-7.32,-7.3,-7.1,-7.6,0.0
dude_994,-8.12,-8.0,-7.9,-8.5,0.0
dude_995,-7.53,-7.6,-7.2,-7.7,0.0
dude_996,-7.25,-7.25,-7.0,-7.7,0.0
dude_997,-5.74,-5.75,-5.6,-6.0,0.0
dude_998,-7.38,-7.3,-7.1,-7.8,0.0
dude_999,-7.48,-7.4,-7.0,-8.3,0.0
